,name,deeplinks
0,cryptaldash,https://coinmarketcap.com/currencies/cryptaldash
1,bitcoin,https://www.coingecko.com/en/coins/bitcoin
2,zbg-token,https://coinmarketcap.com/currencies/zbg-token
3,ethereum,https://www.coingecko.com/en/coins/ethereum
4,lto-network,https://coinmarketcap.com/currencies/lto-network
5,tether,https://www.coingecko.com/en/coins/tether
6,casinocoin,https://coinmarketcap.com/currencies/casinocoin
7,xrp,https://www.coingecko.com/en/coins/xrp
8,synchrobitcoin,https://coinmarketcap.com/currencies/synchrobitcoin
9,bitcoin-cash,https://www.coingecko.com/en/coins/bitcoin-cash
10,function-x,https://coinmarketcap.com/currencies/function-x
11,chainlink,https://www.coingecko.com/en/coins/chainlink
12,proton,https://coinmarketcap.com/currencies/proton
13,binance-coin,https://www.coingecko.com/en/coins/binance-coin
14,b2bx,https://coinmarketcap.com/currencies/b2bx
15,polkadot,https://www.coingecko.com/en/coins/polkadot
16,medibloc,https://coinmarketcap.com/currencies/medibloc
17,litecoin,https://www.coingecko.com/en/coins/litecoin
18,gas,https://coinmarketcap.com/currencies/gas
19,bitcoin-sv,https://www.coingecko.com/en/coins/bitcoin-sv
20,wixlar,https://coinmarketcap.com/currencies/wixlar
21,cardano,https://www.coingecko.com/en/coins/cardano
22,project-pai,https://coinmarketcap.com/currencies/project-pai
23,usd-coin,https://www.coingecko.com/en/coins/usd-coin
24,pirate-chain,https://coinmarketcap.com/currencies/pirate-chain
25,eos,https://www.coingecko.com/en/coins/eos
26,drep,https://coinmarketcap.com/currencies/drep
27,monero,https://www.coingecko.com/en/coins/monero
28,bitkan,https://coinmarketcap.com/currencies/bitkan
29,crypto-com-coin,https://www.coingecko.com/en/coins/crypto-com-coin
30,bit-z-token,https://coinmarketcap.com/currencies/bit-z-token
31,tron,https://www.coingecko.com/en/coins/tron
32,envion,https://coinmarketcap.com/currencies/envion
33,stellar,https://www.coingecko.com/en/coins/stellar
34,agoras-tokens,https://coinmarketcap.com/currencies/agoras-tokens
35,tezos,https://www.coingecko.com/en/coins/tezos
36,sentivate,https://coinmarketcap.com/currencies/sentivate
37,wrapped-bitcoin,https://www.coingecko.com/en/coins/wrapped-bitcoin
38,seele,https://coinmarketcap.com/currencies/seele
39,compound-dai,https://www.coingecko.com/en/coins/compound-dai
40,ecoreal-estate,https://coinmarketcap.com/currencies/ecoreal-estate
41,okb,https://www.coingecko.com/en/coins/okb
42,aurora,https://coinmarketcap.com/currencies/aurora
43,leo-token,https://www.coingecko.com/en/coins/leo-token
44,yfvalue,https://coinmarketcap.com/currencies/yfvalue
45,cosmos,https://www.coingecko.com/en/coins/cosmos
46,groestlcoin,https://coinmarketcap.com/currencies/groestlcoin
47,neo,https://www.coingecko.com/en/coins/neo
48,metaverse,https://coinmarketcap.com/currencies/metaverse
49,huobi-token,https://www.coingecko.com/en/coins/huobi-token
50,egoras,https://coinmarketcap.com/currencies/egoras
51,dai,https://www.coingecko.com/en/coins/dai
52,arpa-chain,https://coinmarketcap.com/currencies/arpa-chain
53,nem,https://www.coingecko.com/en/coins/nem
54,contentos,https://coinmarketcap.com/currencies/contentos
55,filecoin,https://www.coingecko.com/en/coins/filecoin
56,milk-alliance,https://coinmarketcap.com/currencies/milk-alliance
57,iota,https://www.coingecko.com/en/coins/iota
58,enigma,https://coinmarketcap.com/currencies/enigma
59,vechain,https://www.coingecko.com/en/coins/vechain
60,lambda,https://coinmarketcap.com/currencies/lambda
61,binance-usd,https://www.coingecko.com/en/coins/binance-usd
62,qash,https://coinmarketcap.com/currencies/qash
63,dash,https://www.coingecko.com/en/coins/dash
64,folgory-coin,https://coinmarketcap.com/currencies/folgory-coin
65,theta-network,https://www.coingecko.com/en/coins/theta-network
66,peepcoin,https://coinmarketcap.com/currencies/peepcoin
67,ethereum-classic,https://www.coingecko.com/en/coins/ethereum-classic
68,stakenet,https://coinmarketcap.com/currencies/stakenet
69,zcash,https://www.coingecko.com/en/coins/zcash
70,zenon,https://coinmarketcap.com/currencies/zenon
71,uniswap,https://www.coingecko.com/en/coins/uniswap
72,amo-coin,https://coinmarketcap.com/currencies/amo-coin
73,maker,https://www.coingecko.com/en/coins/maker
74,justliquidity,https://coinmarketcap.com/currencies/justliquidity
75,celsius-network-token,https://www.coingecko.com/en/coins/celsius-network-token
76,fusion,https://coinmarketcap.com/currencies/fusion
77,synthetix-network-token,https://www.coingecko.com/en/coins/synthetix-network-token
78,venus,https://coinmarketcap.com/currencies/venus
79,omg-network,https://www.coingecko.com/en/coins/omg-network
80,constellation,https://coinmarketcap.com/currencies/constellation
81,compound-ether,https://www.coingecko.com/en/coins/compound-ether
82,morpheus-network,https://coinmarketcap.com/currencies/morpheus-network
83,compound,https://www.coingecko.com/en/coins/compound
84,repo,https://coinmarketcap.com/currencies/repo
85,yearn-finance,https://www.coingecko.com/en/coins/yearn-finance
86,platincoin,https://coinmarketcap.com/currencies/platincoin
87,uma,https://www.coingecko.com/en/coins/uma
88,tachyon-protocol,https://coinmarketcap.com/currencies/tachyon-protocol
89,paxos-standard,https://www.coingecko.com/en/coins/paxos-standard
90,moviebloc,https://coinmarketcap.com/currencies/moviebloc
91,aave,https://www.coingecko.com/en/coins/aave
92,king-dag,https://coinmarketcap.com/currencies/king-dag
93,ftx-token,https://www.coingecko.com/en/coins/ftx-token
94,bounce-token,https://coinmarketcap.com/currencies/bounce-token
95,aave-link,https://www.coingecko.com/en/coins/aave-link
96,latoken,https://coinmarketcap.com/currencies/latoken
97,dogecoin,https://www.coingecko.com/en/coins/dogecoin
98,bhp-coin,https://coinmarketcap.com/currencies/bhp-coin
99,ontology,https://www.coingecko.com/en/coins/ontology
100,karatgold-coin,https://coinmarketcap.com/currencies/karatgold-coin
101,waves,https://www.coingecko.com/en/coins/waves
102,chromia,https://coinmarketcap.com/currencies/chromia
103,basic-attention-token,https://www.coingecko.com/en/coins/basic-attention-token
104,bella-protocol,https://coinmarketcap.com/currencies/bella-protocol
105,renbtc,https://www.coingecko.com/en/coins/renbtc
106,rchain,https://coinmarketcap.com/currencies/rchain
107,kusama,https://www.coingecko.com/en/coins/kusama
108,elamachain,https://coinmarketcap.com/currencies/elamachain
109,true-usd,https://www.coingecko.com/en/coins/true-usd
110,mvl,https://coinmarketcap.com/currencies/mvl
111,ren,https://www.coingecko.com/en/coins/ren
112,darwinia-network,https://coinmarketcap.com/currencies/darwinia-network
113,digibyte,https://www.coingecko.com/en/coins/digibyte
114,nexus,https://coinmarketcap.com/currencies/nexus
115,0x,https://www.coingecko.com/en/coins/0x
116,jewel,https://coinmarketcap.com/currencies/jewel
117,husd,https://www.coingecko.com/en/coins/husd
118,leverj,https://coinmarketcap.com/currencies/leverj
119,compound-usd-coin,https://www.coingecko.com/en/coins/compound-usd-coin
120,deviantcoin,https://coinmarketcap.com/currencies/deviantcoin
121,algorand,https://www.coingecko.com/en/coins/algorand
122,parsiq,https://coinmarketcap.com/currencies/parsiq
123,qtum,https://www.coingecko.com/en/coins/qtum
124,dusk-network,https://coinmarketcap.com/currencies/dusk-network
125,aave-eth,https://www.coingecko.com/en/coins/aave-eth
126,level01,https://coinmarketcap.com/currencies/level01
127,zilliqa,https://www.coingecko.com/en/coins/zilliqa
128,levolution,https://coinmarketcap.com/currencies/levolution
129,bittorrent,https://www.coingecko.com/en/coins/bittorrent
130,digixdao,https://coinmarketcap.com/currencies/digixdao
131,icon,https://www.coingecko.com/en/coins/icon
132,aergo,https://coinmarketcap.com/currencies/aergo
133,nexus-mutual,https://www.coingecko.com/en/coins/nexus-mutual
134,zap,https://coinmarketcap.com/currencies/zap
135,energy-web-token,https://www.coingecko.com/en/coins/energy-web-token
136,usdj,https://coinmarketcap.com/currencies/usdj
137,quant,https://www.coingecko.com/en/coins/quant
138,yep-coin,https://coinmarketcap.com/currencies/yep-coin
139,loopring,https://www.coingecko.com/en/coins/loopring
140,onotoken,https://coinmarketcap.com/currencies/onotoken
141,hedera-hashgraph,https://www.coingecko.com/en/coins/hedera-hashgraph
142,firmachain,https://coinmarketcap.com/currencies/firmachain
143,kyber-network,https://www.coingecko.com/en/coins/kyber-network
144,firstblood,https://coinmarketcap.com/currencies/firstblood
145,ocean-protocol,https://www.coingecko.com/en/coins/ocean-protocol
146,vidy,https://coinmarketcap.com/currencies/vidy
147,lisk,https://www.coingecko.com/en/coins/lisk
148,populous,https://coinmarketcap.com/currencies/populous
149,decred,https://www.coingecko.com/en/coins/decred
150,coinmetro-token,https://coinmarketcap.com/currencies/coinmetro-token
151,ampleforth,https://www.coingecko.com/en/coins/ampleforth
152,cocos-bcx,https://coinmarketcap.com/currencies/cocos-bcx
153,terra-luna,https://www.coingecko.com/en/coins/terra-luna
154,dinastycoin,https://coinmarketcap.com/currencies/dinastycoin
155,reserve-rights-token,https://www.coingecko.com/en/coins/reserve-rights-token
156,einsteinium,https://coinmarketcap.com/currencies/einsteinium
157,blockstack,https://www.coingecko.com/en/coins/blockstack
158,nkn,https://coinmarketcap.com/currencies/nkn
159,numeraire,https://www.coingecko.com/en/coins/numeraire
160,trustverse,https://coinmarketcap.com/currencies/trustverse
161,bitcoin-gold,https://www.coingecko.com/en/coins/bitcoin-gold
162,pnetwork,https://coinmarketcap.com/currencies/pnetwork
163,enjin-coin,https://www.coingecko.com/en/coins/enjin-coin
164,injective-protocol,https://coinmarketcap.com/currencies/injective-protocol
165,band-protocol,https://www.coingecko.com/en/coins/band-protocol
166,monolith,https://coinmarketcap.com/currencies/monolith
167,elrond,https://www.coingecko.com/en/coins/elrond
168,alchemy-pay,https://coinmarketcap.com/currencies/alchemy-pay
169,aragon,https://www.coingecko.com/en/coins/aragon
170,anchor,https://coinmarketcap.com/currencies/anchor
171,siacoin,https://www.coingecko.com/en/coins/siacoin
172,library-credit,https://coinmarketcap.com/currencies/library-credit
173,arweave,https://www.coingecko.com/en/coins/arweave
174,aidos-kuneen,https://coinmarketcap.com/currencies/aidos-kuneen
175,nano,https://www.coingecko.com/en/coins/nano
176,quantum-resistant-ledger,https://coinmarketcap.com/currencies/quantum-resistant-ledger
177,avalanche,https://www.coingecko.com/en/coins/avalanche
178,iqeon,https://coinmarketcap.com/currencies/iqeon
179,bytom,https://www.coingecko.com/en/coins/bytom
180,biki,https://coinmarketcap.com/currencies/biki
181,balancer,https://www.coingecko.com/en/coins/balancer
182,rakon,https://coinmarketcap.com/currencies/rakon
183,empty-set-dollar,https://www.coingecko.com/en/coins/empty-set-dollar
184,yfdai-finance,https://coinmarketcap.com/currencies/yfdai-finance
185,monacoin,https://www.coingecko.com/en/coins/monacoin
186,metadium,https://coinmarketcap.com/currencies/metadium
187,aave-usdc,https://www.coingecko.com/en/coins/aave-usdc
188,nexxo,https://coinmarketcap.com/currencies/nexxo
189,decentraland,https://www.coingecko.com/en/coins/decentraland
190,nuco-cloud,https://coinmarketcap.com/currencies/nuco-cloud
191,bitcoin-diamond,https://www.coingecko.com/en/coins/bitcoin-diamond
192,carry,https://coinmarketcap.com/currencies/carry
193,thorchain,https://www.coingecko.com/en/coins/thorchain
194,liquid-apps,https://coinmarketcap.com/currencies/liquid-apps
195,status,https://www.coingecko.com/en/coins/status
196,nxt,https://coinmarketcap.com/currencies/nxt
197,tether-gold,https://www.coingecko.com/en/coins/tether-gold
198,quark,https://coinmarketcap.com/currencies/quark
199,gatetoken,https://www.coingecko.com/en/coins/gatetoken
200,ravencoin,https://coinmarketcap.com/currencies/ravencoin
201,keep-network,https://www.coingecko.com/en/coins/keep-network
202,arweave,https://coinmarketcap.com/currencies/arweave
203,aion,https://www.coingecko.com/en/coins/aion
204,nexo,https://coinmarketcap.com/currencies/nexo
205,idex,https://www.coingecko.com/en/coins/idex
206,nervos-network,https://coinmarketcap.com/currencies/nervos-network
207,harmony,https://www.coingecko.com/en/coins/harmony
208,bytom,https://coinmarketcap.com/currencies/bytom
209,thundercore,https://www.coingecko.com/en/coins/thundercore
210,holo,https://coinmarketcap.com/currencies/holo
211,hyperion,https://www.coingecko.com/en/coins/hyperion
212,status,https://coinmarketcap.com/currencies/status
213,sero,https://www.coingecko.com/en/coins/sero
214,balancer,https://coinmarketcap.com/currencies/balancer
215,elastos,https://www.coingecko.com/en/coins/elastos
216,iostoken,https://coinmarketcap.com/currencies/iostoken
217,lambda,https://www.coingecko.com/en/coins/lambda
218,solana,https://coinmarketcap.com/currencies/solana
219,certik,https://www.coingecko.com/en/coins/certik
220,swipe,https://coinmarketcap.com/currencies/swipe
221,aave-dai,https://www.coingecko.com/en/coins/aave-dai
222,storj,https://coinmarketcap.com/currencies/storj
223,origintrail,https://www.coingecko.com/en/coins/origintrail
224,verge,https://coinmarketcap.com/currencies/verge
225,sbtc,https://www.coingecko.com/en/coins/sbtc
226,thorchain,https://coinmarketcap.com/currencies/thorchain
227,btu-protocol,https://www.coingecko.com/en/coins/btu-protocol
228,rlc,https://coinmarketcap.com/currencies/rlc
229,handshake,https://www.coingecko.com/en/coins/handshake
230,kucoin-shares,https://coinmarketcap.com/currencies/kucoin-shares
231,reddcoin,https://www.coingecko.com/en/coins/reddcoin
232,bitcoin-bep2,https://coinmarketcap.com/currencies/bitcoin-bep2
233,hashgard,https://www.coingecko.com/en/coins/hashgard
234,divi,https://coinmarketcap.com/currencies/divi
235,zbg_token,https://www.coingecko.com/en/coins/zbg_token
236,pax-gold,https://coinmarketcap.com/currencies/pax-gold
237,gxchain,https://www.coingecko.com/en/coins/gxchain
238,swissborg,https://coinmarketcap.com/currencies/swissborg
239,quarkchain,https://www.coingecko.com/en/coins/quarkchain
240,rsk-infrastructure-framework,https://coinmarketcap.com/currencies/rsk-infrastructure-framework
241,crdt,https://www.coingecko.com/en/coins/crdt
242,iotex,https://coinmarketcap.com/currencies/iotex
243,streamr-datacoin,https://www.coingecko.com/en/coins/streamr-datacoin
244,yearn-finance-ii,https://coinmarketcap.com/currencies/yearn-finance-ii
245,kardiachain,https://www.coingecko.com/en/coins/kardiachain
246,matic-network,https://coinmarketcap.com/currencies/matic-network
247,whale,https://www.coingecko.com/en/coins/whale
248,steem,https://coinmarketcap.com/currencies/steem
249,iocoin,https://www.coingecko.com/en/coins/iocoin
250,komodo,https://coinmarketcap.com/currencies/komodo
251,bytecoin,https://www.coingecko.com/en/coins/bytecoin
252,just,https://coinmarketcap.com/currencies/just
253,melon,https://www.coingecko.com/en/coins/melon
254,bancor,https://coinmarketcap.com/currencies/bancor
255,syscoin,https://www.coingecko.com/en/coins/syscoin
256,kava,https://coinmarketcap.com/currencies/kava
257,ultiledger,https://www.coingecko.com/en/coins/ultiledger
258,energi,https://coinmarketcap.com/currencies/energi
259,force-protocol,https://www.coingecko.com/en/coins/force-protocol
260,unibright,https://coinmarketcap.com/currencies/unibright
261,mx-token,https://www.coingecko.com/en/coins/mx-token
262,horizen,https://coinmarketcap.com/currencies/horizen
263,wink,https://www.coingecko.com/en/coins/wink
264,helium,https://coinmarketcap.com/currencies/helium
265,nectar-token,https://www.coingecko.com/en/coins/nectar-token
266,apm-coin,https://coinmarketcap.com/currencies/apm-coin
267,wom-protocol,https://www.coingecko.com/en/coins/wom-protocol
268,serum,https://coinmarketcap.com/currencies/serum
269,harvest-finance,https://www.coingecko.com/en/coins/harvest-finance
270,bitshares,https://coinmarketcap.com/currencies/bitshares
271,bosagora,https://www.coingecko.com/en/coins/bosagora
272,curve-dao-token,https://coinmarketcap.com/currencies/curve-dao-token
273,eterbase,https://www.coingecko.com/en/coins/eterbase
274,hive-blockchain,https://coinmarketcap.com/currencies/hive-blockchain
275,haven,https://www.coingecko.com/en/coins/haven
276,ankr,https://coinmarketcap.com/currencies/ankr
277,noia-network,https://www.coingecko.com/en/coins/noia-network
278,ardor,https://coinmarketcap.com/currencies/ardor
279,yuan-chain-coin,https://www.coingecko.com/en/coins/yuan-chain-coin
280,wax,https://coinmarketcap.com/currencies/wax
281,redfox-labs,https://www.coingecko.com/en/coins/redfox-labs
282,uquid-coin,https://coinmarketcap.com/currencies/uquid-coin
283,hegic,https://www.coingecko.com/en/coins/hegic
284,aelf,https://coinmarketcap.com/currencies/aelf
285,loki-network,https://www.coingecko.com/en/coins/loki-network
286,chiliz,https://coinmarketcap.com/currencies/chiliz
287,sand,https://www.coingecko.com/en/coins/sand
288,maidsafecoin,https://coinmarketcap.com/currencies/maidsafecoin
289,adex,https://www.coingecko.com/en/coins/adex
290,gnosis-gno,https://coinmarketcap.com/currencies/gnosis-gno
291,nuls,https://www.coingecko.com/en/coins/nuls
292,theta-fuel,https://coinmarketcap.com/currencies/theta-fuel
293,crypto20,https://www.coingecko.com/en/coins/crypto20
294,irisnet,https://coinmarketcap.com/currencies/irisnet
295,akropolis,https://www.coingecko.com/en/coins/akropolis
296,hypercash,https://coinmarketcap.com/currencies/hypercash
297,pivx,https://www.coingecko.com/en/coins/pivx
298,tomochain,https://coinmarketcap.com/currencies/tomochain
299,digitex-futures-exchange,https://www.coingecko.com/en/coins/digitex-futures-exchange
300,electroneum,https://coinmarketcap.com/currencies/electroneum
301,ripio-credit-network,https://www.coingecko.com/en/coins/ripio-credit-network
302,fantom,https://coinmarketcap.com/currencies/fantom
303,secret,https://www.coingecko.com/en/coins/secret
304,stratis,https://coinmarketcap.com/currencies/stratis
305,funfair,https://www.coingecko.com/en/coins/funfair
306,hyperion,https://coinmarketcap.com/currencies/hyperion
307,verus-coin,https://www.coingecko.com/en/coins/verus-coin
308,quarkchain,https://coinmarketcap.com/currencies/quarkchain
309,wazirx,https://www.coingecko.com/en/coins/wazirx
310,utrust,https://coinmarketcap.com/currencies/utrust
311,obyte,https://www.coingecko.com/en/coins/obyte
312,wanchain,https://coinmarketcap.com/currencies/wanchain
313,chainx,https://www.coingecko.com/en/coins/chainx
314,zcoin,https://coinmarketcap.com/currencies/zcoin
315,orion-protocol,https://www.coingecko.com/en/coins/orion-protocol
316,crypto-com,https://coinmarketcap.com/currencies/crypto-com
317,wirex,https://www.coingecko.com/en/coins/wirex
318,tellor,https://coinmarketcap.com/currencies/tellor
319,origin-protocol,https://www.coingecko.com/en/coins/origin-protocol
320,mxc,https://coinmarketcap.com/currencies/mxc
321,gas,https://www.coingecko.com/en/coins/gas
322,hxro,https://coinmarketcap.com/currencies/hxro
323,airswap,https://www.coingecko.com/en/coins/airswap
324,kin,https://coinmarketcap.com/currencies/kin
325,metal,https://www.coingecko.com/en/coins/metal
326,gatetoken,https://coinmarketcap.com/currencies/gatetoken
327,nimiq,https://www.coingecko.com/en/coins/nimiq
328,ark,https://coinmarketcap.com/currencies/ark
329,phala-network,https://www.coingecko.com/en/coins/phala-network
330,pundi-x,https://coinmarketcap.com/currencies/pundi-x
331,mainframe,https://www.coingecko.com/en/coins/mainframe
332,stasis-euro,https://coinmarketcap.com/currencies/stasis-euro
333,darico-ecosystem-coin,https://www.coingecko.com/en/coins/darico-ecosystem-coin
334,kleros,https://coinmarketcap.com/currencies/kleros
335,civic,https://www.coingecko.com/en/coins/civic
336,sharetoken,https://coinmarketcap.com/currencies/sharetoken
337,yf-link,https://www.coingecko.com/en/coins/yf-link
338,fetch,https://coinmarketcap.com/currencies/fetch
339,coti,https://www.coingecko.com/en/coins/coti
340,dia,https://coinmarketcap.com/currencies/dia
341,bluzelle,https://www.coingecko.com/en/coins/bluzelle
342,waykichain,https://coinmarketcap.com/currencies/waykichain
343,newscrypto-coin,https://www.coingecko.com/en/coins/newscrypto-coin
344,v-systems,https://coinmarketcap.com/currencies/v-systems
345,prometeus,https://www.coingecko.com/en/coins/prometeus
346,melon,https://coinmarketcap.com/currencies/melon
347,contentos,https://www.coingecko.com/en/coins/contentos
348,voyager-token,https://coinmarketcap.com/currencies/voyager-token
349,etherisc,https://www.coingecko.com/en/coins/etherisc
350,power-ledger,https://coinmarketcap.com/currencies/power-ledger
351,vethor-token,https://www.coingecko.com/en/coins/vethor-token
352,xdai,https://coinmarketcap.com/currencies/xdai
353,pancakeswap,https://www.coingecko.com/en/coins/pancakeswap
354,aeternity,https://coinmarketcap.com/currencies/aeternity
355,crypterium,https://www.coingecko.com/en/coins/crypterium
356,solve,https://coinmarketcap.com/currencies/solve
357,stormx,https://www.coingecko.com/en/coins/stormx
358,singularitynet,https://coinmarketcap.com/currencies/singularitynet
359,beowulf,https://www.coingecko.com/en/coins/beowulf
360,aion,https://coinmarketcap.com/currencies/aion
361,perpetual-protocol,https://www.coingecko.com/en/coins/perpetual-protocol
362,origintrail,https://coinmarketcap.com/currencies/origintrail
363,vertcoin,https://www.coingecko.com/en/coins/vertcoin
364,super-zero-protocol,https://coinmarketcap.com/currencies/super-zero-protocol
365,cindicator,https://www.coingecko.com/en/coins/cindicator
366,everipedia,https://coinmarketcap.com/currencies/everipedia
367,travala,https://www.coingecko.com/en/coins/travala
368,handshake,https://coinmarketcap.com/currencies/handshake
369,dent,https://www.coingecko.com/en/coins/dent
370,thunder-token,https://coinmarketcap.com/currencies/thunder-token
371,beam,https://www.coingecko.com/en/coins/beam
372,gxchain,https://coinmarketcap.com/currencies/gxchain
373,darwinia-network-native-token,https://www.coingecko.com/en/coins/darwinia-network-native-token
374,streamr,https://coinmarketcap.com/currencies/streamr
375,axel,https://www.coingecko.com/en/coins/axel
376,elastos,https://coinmarketcap.com/currencies/elastos
377,ignis,https://www.coingecko.com/en/coins/ignis
378,orbs,https://coinmarketcap.com/currencies/orbs
379,bzx-protocol,https://www.coingecko.com/en/coins/bzx-protocol
380,wirex-token,https://coinmarketcap.com/currencies/wirex-token
381,fusion,https://www.coingecko.com/en/coins/fusion
382,harmony,https://coinmarketcap.com/currencies/harmony
383,quantstamp,https://www.coingecko.com/en/coins/quantstamp
384,syscoin,https://coinmarketcap.com/currencies/syscoin
385,vidt-datalink,https://www.coingecko.com/en/coins/vidt-datalink
386,wink-tronbet,https://coinmarketcap.com/currencies/wink-tronbet
387,medibloc,https://www.coingecko.com/en/coins/medibloc
388,dad,https://coinmarketcap.com/currencies/dad
389,loom-network,https://www.coingecko.com/en/coins/loom-network
390,mx-token,https://coinmarketcap.com/currencies/mx-token
391,pickle-finance,https://www.coingecko.com/en/coins/pickle-finance
392,digitex-futures,https://coinmarketcap.com/currencies/digitex-futures
393,gemini-dollar,https://www.coingecko.com/en/coins/gemini-dollar
394,haven-protocol,https://coinmarketcap.com/currencies/haven-protocol
395,sora,https://www.coingecko.com/en/coins/sora
396,bosagora,https://coinmarketcap.com/currencies/bosagora
397,apollo,https://www.coingecko.com/en/coins/apollo
398,polymath-network,https://coinmarketcap.com/currencies/polymath-network
399,celer-network,https://www.coingecko.com/en/coins/celer-network
400,bitcoin,https://coinmarketcap.com/currencies/bitcoin
401,request-network,https://www.coingecko.com/en/coins/request-network
402,ethereum,https://coinmarketcap.com/currencies/ethereum
403,stp-network,https://www.coingecko.com/en/coins/stp-network
404,tether,https://coinmarketcap.com/currencies/tether
405,grin,https://www.coingecko.com/en/coins/grin
406,xrp,https://coinmarketcap.com/currencies/xrp
407,orbs,https://www.coingecko.com/en/coins/orbs
408,bitcoin-cash,https://coinmarketcap.com/currencies/bitcoin-cash
409,zenon,https://www.coingecko.com/en/coins/zenon
410,chainlink,https://coinmarketcap.com/currencies/chainlink
411,defipulse-index,https://www.coingecko.com/en/coins/defipulse-index
412,binance-coin,https://coinmarketcap.com/currencies/binance-coin
413,lto-network,https://www.coingecko.com/en/coins/lto-network
414,polkadot-new,https://coinmarketcap.com/currencies/polkadot-new
415,carry,https://www.coingecko.com/en/coins/carry
416,litecoin,https://coinmarketcap.com/currencies/litecoin
417,bit-z-token,https://www.coingecko.com/en/coins/bit-z-token
418,bitcoin-sv,https://coinmarketcap.com/currencies/bitcoin-sv
419,pirate-chain,https://www.coingecko.com/en/coins/pirate-chain
420,cardano,https://coinmarketcap.com/currencies/cardano
421,btse-token,https://www.coingecko.com/en/coins/btse-token
422,usd-coin,https://coinmarketcap.com/currencies/usd-coin
423,trustswap,https://www.coingecko.com/en/coins/trustswap
424,eos,https://coinmarketcap.com/currencies/eos
425,groestlcoin,https://www.coingecko.com/en/coins/groestlcoin
426,monero,https://coinmarketcap.com/currencies/monero
427,metaverse-etp,https://www.coingecko.com/en/coins/metaverse-etp
428,crypto-com-coin,https://coinmarketcap.com/currencies/crypto-com-coin
429,arpa-chain,https://www.coingecko.com/en/coins/arpa-chain
430,tron,https://coinmarketcap.com/currencies/tron
431,switcheo,https://www.coingecko.com/en/coins/switcheo
432,stellar,https://coinmarketcap.com/currencies/stellar
433,nebulas,https://www.coingecko.com/en/coins/nebulas
434,tezos,https://coinmarketcap.com/currencies/tezos
435,bella-protocol,https://www.coingecko.com/en/coins/bella-protocol
436,wrapped-bitcoin,https://coinmarketcap.com/currencies/wrapped-bitcoin
437,dify-finance,https://www.coingecko.com/en/coins/dify-finance
438,unus-sed-leo,https://coinmarketcap.com/currencies/unus-sed-leo
439,ergo,https://www.coingecko.com/en/coins/ergo
440,neo,https://coinmarketcap.com/currencies/neo
441,pnetwork,https://www.coingecko.com/en/coins/pnetwork
442,cosmos,https://coinmarketcap.com/currencies/cosmos
443,qash,https://www.coingecko.com/en/coins/qash
444,multi-collateral-dai,https://coinmarketcap.com/currencies/multi-collateral-dai
445,syndicate,https://www.coingecko.com/en/coins/syndicate
446,huobi-token,https://coinmarketcap.com/currencies/huobi-token
447,stakenet,https://www.coingecko.com/en/coins/stakenet
448,nem,https://coinmarketcap.com/currencies/nem
449,tbtc,https://www.coingecko.com/en/coins/tbtc
450,filecoin,https://coinmarketcap.com/currencies/filecoin
451,bounce-token,https://www.coingecko.com/en/coins/bounce-token
452,iota,https://coinmarketcap.com/currencies/iota
453,nash-exchange,https://www.coingecko.com/en/coins/nash-exchange
454,vechain,https://coinmarketcap.com/currencies/vechain
455,chromia,https://www.coingecko.com/en/coins/chromia
456,binance-usd,https://coinmarketcap.com/currencies/binance-usd
457,buysell,https://www.coingecko.com/en/coins/buysell
458,dash,https://coinmarketcap.com/currencies/dash
459,dusk-network,https://www.coingecko.com/en/coins/dusk-network
460,theta,https://coinmarketcap.com/currencies/theta
461,bitkan,https://www.coingecko.com/en/coins/bitkan
462,ethereum-classic,https://coinmarketcap.com/currencies/ethereum-classic
463,b2bx,https://www.coingecko.com/en/coins/b2bx
464,zcash,https://coinmarketcap.com/currencies/zcash
465,zap,https://www.coingecko.com/en/coins/zap
466,uniswap,https://coinmarketcap.com/currencies/uniswap
467,platoncoin,https://www.coingecko.com/en/coins/platoncoin
468,maker,https://coinmarketcap.com/currencies/maker
469,nkn,https://www.coingecko.com/en/coins/nkn
470,omg,https://coinmarketcap.com/currencies/omg
471,cream,https://www.coingecko.com/en/coins/cream
472,compound,https://coinmarketcap.com/currencies/compound
473,powerpool-concentrated-voting-power,https://www.coingecko.com/en/coins/powerpool-concentrated-voting-power
474,yearn-finance,https://coinmarketcap.com/currencies/yearn-finance
475,aave-usdt,https://www.coingecko.com/en/coins/aave-usdt
476,uma,https://coinmarketcap.com/currencies/uma
477,content-value-network,https://www.coingecko.com/en/coins/content-value-network
478,ontology,https://coinmarketcap.com/currencies/ontology
479,sentivate,https://www.coingecko.com/en/coins/sentivate
480,ftx-token,https://coinmarketcap.com/currencies/ftx-token
481,aergo,https://www.coingecko.com/en/coins/aergo
482,aave,https://coinmarketcap.com/currencies/aave
483,dragonchain,https://www.coingecko.com/en/coins/dragonchain
484,synthetix-network-token,https://coinmarketcap.com/currencies/synthetix-network-token
485,digixdao,https://www.coingecko.com/en/coins/digixdao
486,dogecoin,https://coinmarketcap.com/currencies/dogecoin
487,parsiq,https://www.coingecko.com/en/coins/parsiq
488,waves,https://coinmarketcap.com/currencies/waves
489,venus,https://www.coingecko.com/en/coins/venus
490,algorand,https://coinmarketcap.com/currencies/algorand
491,cherry,https://www.coingecko.com/en/coins/cherry
492,celsius,https://coinmarketcap.com/currencies/celsius
493,raiden-network,https://www.coingecko.com/en/coins/raiden-network
494,bittorrent,https://coinmarketcap.com/currencies/bittorrent
495,compound-basic-attention-token,https://www.coingecko.com/en/coins/compound-basic-attention-token
496,basic-attention-token,https://coinmarketcap.com/currencies/basic-attention-token
497,nexus,https://www.coingecko.com/en/coins/nexus
498,abbc-coin,https://coinmarketcap.com/currencies/abbc-coin
499,swag-finance,https://www.coingecko.com/en/coins/swag-finance
500,kusama,https://coinmarketcap.com/currencies/kusama
501,cocos-bcx,https://www.coingecko.com/en/coins/cocos-bcx
502,okb,https://coinmarketcap.com/currencies/okb
503,einsteinium,https://www.coingecko.com/en/coins/einsteinium
504,trueusd,https://coinmarketcap.com/currencies/trueusd
505,dforce-token,https://www.coingecko.com/en/coins/dforce-token
506,ren,https://coinmarketcap.com/currencies/ren
507,first-blood,https://www.coingecko.com/en/coins/first-blood
508,0x,https://coinmarketcap.com/currencies/0x
509,injective-protocol,https://www.coingecko.com/en/coins/injective-protocol
510,digibyte,https://coinmarketcap.com/currencies/digibyte
511,safe-haven,https://www.coingecko.com/en/coins/safe-haven
512,husd,https://coinmarketcap.com/currencies/husd
513,lition,https://www.coingecko.com/en/coins/lition
514,paxos-standard,https://coinmarketcap.com/currencies/paxos-standard
515,cashbet-coin,https://www.coingecko.com/en/coins/cashbet-coin
516,celo,https://coinmarketcap.com/currencies/celo
517,aavegotchi,https://www.coingecko.com/en/coins/aavegotchi
518,hedgetrade,https://coinmarketcap.com/currencies/hedgetrade
519,skycoin,https://www.coingecko.com/en/coins/skycoin
520,qtum,https://coinmarketcap.com/currencies/qtum
521,lbry-credits,https://www.coingecko.com/en/coins/lbry-credits
522,icon,https://coinmarketcap.com/currencies/icon
523,dune,https://www.coingecko.com/en/coins/dune
524,zilliqa,https://coinmarketcap.com/currencies/zilliqa
525,aave-mkr,https://www.coingecko.com/en/coins/aave-mkr
526,energy-web-token,https://coinmarketcap.com/currencies/energy-web-token
527,alchemy-pay,https://www.coingecko.com/en/coins/alchemy-pay
528,ocean-protocol,https://coinmarketcap.com/currencies/ocean-protocol
529,instar,https://www.coingecko.com/en/coins/instar
530,hedera-hashgraph,https://coinmarketcap.com/currencies/hedera-hashgraph
531,moeda-loyalty-points,https://www.coingecko.com/en/coins/moeda-loyalty-points
532,quant,https://coinmarketcap.com/currencies/quant
533,fio-protocol,https://www.coingecko.com/en/coins/fio-protocol
534,kyber-network,https://coinmarketcap.com/currencies/kyber-network
535,audius,https://www.coingecko.com/en/coins/audius
536,loopring,https://coinmarketcap.com/currencies/loopring
537,quantum-resistant-ledger,https://www.coingecko.com/en/coins/quantum-resistant-ledger
538,nxm,https://coinmarketcap.com/currencies/nxm
539,monolith,https://www.coingecko.com/en/coins/monolith
540,decred,https://coinmarketcap.com/currencies/decred
541,seth,https://www.coingecko.com/en/coins/seth
542,augur,https://coinmarketcap.com/currencies/augur
543,meta,https://www.coingecko.com/en/coins/meta
544,reserve-rights,https://coinmarketcap.com/currencies/reserve-rights
545,sai,https://www.coingecko.com/en/coins/sai
546,lisk,https://coinmarketcap.com/currencies/lisk
547,unitrade,https://www.coingecko.com/en/coins/unitrade
548,aragon,https://coinmarketcap.com/currencies/aragon
549,nuco-cloud,https://www.coingecko.com/en/coins/nuco-cloud
550,bitcoin-gold,https://coinmarketcap.com/currencies/bitcoin-gold
551,aurora,https://www.coingecko.com/en/coins/aurora
552,near-protocol,https://coinmarketcap.com/currencies/near-protocol
553,yam,https://www.coingecko.com/en/coins/yam
554,flexacoin,https://coinmarketcap.com/currencies/flexacoin
555,nxt,https://www.coingecko.com/en/coins/nxt
556,cybervein,https://coinmarketcap.com/currencies/cybervein
557,factom,https://www.coingecko.com/en/coins/factom
558,zb-token,https://coinmarketcap.com/currencies/zb-token
559,suku,https://www.coingecko.com/en/coins/suku
560,revain,https://coinmarketcap.com/currencies/revain
561,iqeon,https://www.coingecko.com/en/coins/iqeon
562,terra-luna,https://coinmarketcap.com/currencies/terra-luna
563,metronome,https://www.coingecko.com/en/coins/metronome
564,ampleforth,https://coinmarketcap.com/currencies/ampleforth
565,vite,https://www.coingecko.com/en/coins/vite
566,siacoin,https://coinmarketcap.com/currencies/siacoin
567,aave-snx,https://www.coingecko.com/en/coins/aave-snx
568,elrond-egld,https://coinmarketcap.com/currencies/elrond-egld
569,dmm-governance,https://www.coingecko.com/en/coins/dmm-governance
570,enjin-coin,https://coinmarketcap.com/currencies/enjin-coin
571,bip,https://www.coingecko.com/en/coins/bip
572,band-protocol,https://coinmarketcap.com/currencies/band-protocol
573,santiment-network-token,https://www.coingecko.com/en/coins/santiment-network-token
574,the-midas-touch-gold,https://coinmarketcap.com/currencies/the-midas-touch-gold
575,covesting,https://www.coingecko.com/en/coins/covesting
576,nano,https://coinmarketcap.com/currencies/nano
577,proximax,https://www.coingecko.com/en/coins/proximax
578,decentraland,https://coinmarketcap.com/currencies/decentraland
579,waltonchain,https://www.coingecko.com/en/coins/waltonchain
580,avalanche,https://coinmarketcap.com/currencies/avalanche
581,safe2,https://www.coingecko.com/en/coins/safe2
582,blockstack,https://coinmarketcap.com/currencies/blockstack
583,telcoin,https://www.coingecko.com/en/coins/telcoin
584,sushiswap,https://coinmarketcap.com/currencies/sushiswap
585,kadena,https://www.coingecko.com/en/coins/kadena
586,bitcoin-diamond,https://coinmarketcap.com/currencies/bitcoin-diamond
587,pac-global,https://www.coingecko.com/en/coins/pac-global
588,velas,https://coinmarketcap.com/currencies/velas
589,navcoin,https://www.coingecko.com/en/coins/navcoin
590,numeraire,https://coinmarketcap.com/currencies/numeraire
591,metahash,https://www.coingecko.com/en/coins/metahash
592,orchid,https://coinmarketcap.com/currencies/orchid
593,0chain,https://www.coingecko.com/en/coins/0chain
594,golem-network-tokens,https://coinmarketcap.com/currencies/golem-network-tokens
595,likecoin,https://www.coingecko.com/en/coins/likecoin
596,dxchain-token,https://coinmarketcap.com/currencies/dxchain-token
597,dos-network,https://www.coingecko.com/en/coins/dos-network
598,monacoin,https://coinmarketcap.com/currencies/monacoin
599,xplosive-ethereum,https://www.coingecko.com/en/coins/xplosive-ethereum
600,thorenext,https://coinmarketcap.com/currencies/thorenext
601,xplosive-ethereum,https://www.coingecko.com/en/coins/xplosive-ethereum
602,native-utility-token,https://coinmarketcap.com/currencies/native-utility-token
603,aave-wbtc,https://www.coingecko.com/en/coins/aave-wbtc
604,prizm,https://coinmarketcap.com/currencies/prizm
605,mantra-dao,https://www.coingecko.com/en/coins/mantra-dao
606,contracoin,https://coinmarketcap.com/currencies/contracoin
607,coinmetro,https://www.coingecko.com/en/coins/coinmetro
608,the-transfer-token,https://coinmarketcap.com/currencies/the-transfer-token
609,te-food,https://www.coingecko.com/en/coins/te-food
610,loki,https://coinmarketcap.com/currencies/loki
611,arcblock,https://www.coingecko.com/en/coins/arcblock
612,the-sandbox,https://coinmarketcap.com/currencies/the-sandbox
613,salt,https://www.coingecko.com/en/coins/salt
614,nuls,https://coinmarketcap.com/currencies/nuls
615,foam,https://www.coingecko.com/en/coins/foam
616,ultra,https://coinmarketcap.com/currencies/ultra
617,dynamic,https://www.coingecko.com/en/coins/dynamic
618,bonorum,https://coinmarketcap.com/currencies/bonorum
619,libratoken,https://www.coingecko.com/en/coins/libratoken
620,chimpion,https://coinmarketcap.com/currencies/chimpion
621,lcx,https://www.coingecko.com/en/coins/lcx
622,adx-net,https://coinmarketcap.com/currencies/adx-net
623,rio-defi,https://www.coingecko.com/en/coins/rio-defi
624,susd,https://coinmarketcap.com/currencies/susd
625,smartcash,https://www.coingecko.com/en/coins/smartcash
626,nexalt,https://coinmarketcap.com/currencies/nexalt
627,populous,https://www.coingecko.com/en/coins/populous
628,akropolis,https://coinmarketcap.com/currencies/akropolis
629,wagerr,https://www.coingecko.com/en/coins/wagerr
630,bigone-token,https://coinmarketcap.com/currencies/bigone-token
631,dmarket,https://www.coingecko.com/en/coins/dmarket
632,switcheo,https://coinmarketcap.com/currencies/switcheo
633,iot-chain,https://www.coingecko.com/en/coins/iot-chain
634,secret,https://coinmarketcap.com/currencies/secret
635,phantasma,https://www.coingecko.com/en/coins/phantasma
636,crpt,https://coinmarketcap.com/currencies/crpt
637,bitcoin-2,https://www.coingecko.com/en/coins/bitcoin-2
638,ripio-credit-network,https://coinmarketcap.com/currencies/ripio-credit-network
639,namecoin,https://www.coingecko.com/en/coins/namecoin
640,darcio-ecosystem-coin,https://coinmarketcap.com/currencies/darcio-ecosystem-coin
641,naga,https://www.coingecko.com/en/coins/naga
642,zynecoin,https://coinmarketcap.com/currencies/zynecoin
643,xmax,https://www.coingecko.com/en/coins/xmax
644,obyte,https://coinmarketcap.com/currencies/obyte
645,swft-blockchain,https://www.coingecko.com/en/coins/swft-blockchain
646,waltonchain,https://coinmarketcap.com/currencies/waltonchain
647,district0x,https://www.coingecko.com/en/coins/district0x
648,global-digital-content,https://coinmarketcap.com/currencies/global-digital-content
649,blocknet,https://www.coingecko.com/en/coins/blocknet
650,cortex,https://coinmarketcap.com/currencies/cortex
651,refereum,https://www.coingecko.com/en/coins/refereum
652,nash-exchange,https://coinmarketcap.com/currencies/nash-exchange
653,data-exchange-token,https://www.coingecko.com/en/coins/data-exchange-token
654,yflink,https://coinmarketcap.com/currencies/yflink
655,dxdao,https://www.coingecko.com/en/coins/dxdao
656,chainx,https://coinmarketcap.com/currencies/chainx
657,lien,https://www.coingecko.com/en/coins/lien
658,veruscoin,https://coinmarketcap.com/currencies/veruscoin
659,kulupu,https://www.coingecko.com/en/coins/kulupu
660,wazirx,https://coinmarketcap.com/currencies/wazirx
661,selfkey,https://www.coingecko.com/en/coins/selfkey
662,orion-protocol,https://coinmarketcap.com/currencies/orion-protocol
663,measurable-data-token,https://www.coingecko.com/en/coins/measurable-data-token
664,origin-protocol,https://coinmarketcap.com/currencies/origin-protocol
665,based-money,https://www.coingecko.com/en/coins/based-money
666,huobi-pool-token,https://coinmarketcap.com/currencies/huobi-pool-token
667,oduwa-coin,https://www.coingecko.com/en/coins/oduwa-coin
668,hashgard,https://coinmarketcap.com/currencies/hashgard
669,cartesi,https://www.coingecko.com/en/coins/cartesi
670,buggyra-coin-zero,https://coinmarketcap.com/currencies/buggyra-coin-zero
671,aleph-im,https://www.coingecko.com/en/coins/aleph-im
672,trust-wallet-token,https://coinmarketcap.com/currencies/trust-wallet-token
673,neblio,https://www.coingecko.com/en/coins/neblio
674,metal,https://coinmarketcap.com/currencies/metal
675,wings,https://www.coingecko.com/en/coins/wings
676,trustswap,https://coinmarketcap.com/currencies/trustswap
677,bibox-token,https://www.coingecko.com/en/coins/bibox-token
678,request,https://coinmarketcap.com/currencies/request
679,sirin-labs-token,https://www.coingecko.com/en/coins/sirin-labs-token
680,bridge-oracle,https://coinmarketcap.com/currencies/bridge-oracle
681,effect-ai,https://www.coingecko.com/en/coins/effect-ai
682,fnb-protocol,https://coinmarketcap.com/currencies/fnb-protocol
683,top-network,https://www.coingecko.com/en/coins/top-network
684,mainframe,https://coinmarketcap.com/currencies/mainframe
685,presearch,https://www.coingecko.com/en/coins/presearch
686,nimiq,https://coinmarketcap.com/currencies/nimiq
687,hycon,https://www.coingecko.com/en/coins/hycon
688,pivx,https://coinmarketcap.com/currencies/pivx
689,videocoin,https://www.coingecko.com/en/coins/videocoin
690,phala-network,https://coinmarketcap.com/currencies/phala-network
691,pchain,https://www.coingecko.com/en/coins/pchain
692,bora,https://coinmarketcap.com/currencies/bora
693,yfvalue,https://www.coingecko.com/en/coins/yfvalue
694,civic,https://coinmarketcap.com/currencies/civic
695,dextools,https://www.coingecko.com/en/coins/dextools
696,coti,https://coinmarketcap.com/currencies/coti
697,time-new-bank,https://www.coingecko.com/en/coins/time-new-bank
698,gleec,https://coinmarketcap.com/currencies/gleec
699,zano,https://www.coingecko.com/en/coins/zano
700,erc20,https://coinmarketcap.com/currencies/erc20
701,gochain,https://www.coingecko.com/en/coins/gochain
702,audius,https://coinmarketcap.com/currencies/audius
703,locktrip,https://www.coingecko.com/en/coins/locktrip
704,elitium,https://coinmarketcap.com/currencies/elitium
705,tenx,https://www.coingecko.com/en/coins/tenx
706,travala,https://coinmarketcap.com/currencies/travala
707,ubiq,https://www.coingecko.com/en/coins/ubiq
708,xensor,https://coinmarketcap.com/currencies/xensor
709,ieth,https://www.coingecko.com/en/coins/ieth
710,bloomzed-token,https://coinmarketcap.com/currencies/bloomzed-token
711,bitcny,https://www.coingecko.com/en/coins/bitcny
712,bluzelle,https://coinmarketcap.com/currencies/bluzelle
713,linkeye,https://www.coingecko.com/en/coins/linkeye
714,loom-network,https://coinmarketcap.com/currencies/loom-network
715,cybermiles,https://www.coingecko.com/en/coins/cybermiles
716,sun,https://coinmarketcap.com/currencies/sun
717,wing-finance,https://www.coingecko.com/en/coins/wing-finance
718,cindicator,https://coinmarketcap.com/currencies/cindicator
719,barnbridge,https://www.coingecko.com/en/coins/barnbridge
720,vethor-token,https://coinmarketcap.com/currencies/vethor-token
721,sentinel-protocol,https://www.coingecko.com/en/coins/sentinel-protocol
722,pancakeswap,https://coinmarketcap.com/currencies/pancakeswap
723,dego-finance,https://www.coingecko.com/en/coins/dego-finance
724,beowulf,https://coinmarketcap.com/currencies/beowulf
725,ost,https://www.coingecko.com/en/coins/ost
726,amp,https://coinmarketcap.com/currencies/amp
727,statera,https://www.coingecko.com/en/coins/statera
728,vertcoin,https://coinmarketcap.com/currencies/vertcoin
729,pluton,https://www.coingecko.com/en/coins/pluton
730,vidt-datalink,https://coinmarketcap.com/currencies/vidt-datalink
731,achain,https://www.coingecko.com/en/coins/achain
732,newscrypto,https://coinmarketcap.com/currencies/newscrypto
733,digix-gold,https://www.coingecko.com/en/coins/digix-gold
734,beam,https://coinmarketcap.com/currencies/beam
735,gifto,https://www.coingecko.com/en/coins/gifto
736,dent,https://coinmarketcap.com/currencies/dent
737,pumapay,https://www.coingecko.com/en/coins/pumapay
738,basic,https://coinmarketcap.com/currencies/basic
739,spankchain,https://www.coingecko.com/en/coins/spankchain
740,salus,https://coinmarketcap.com/currencies/salus
741,steem-dollars,https://www.coingecko.com/en/coins/steem-dollars
742,nebulas-token,https://coinmarketcap.com/currencies/nebulas-token
743,odem,https://www.coingecko.com/en/coins/odem
744,davinci-coin,https://coinmarketcap.com/currencies/davinci-coin
745,cnns,https://www.coingecko.com/en/coins/cnns
746,ergo,https://coinmarketcap.com/currencies/ergo
747,digitalnote,https://www.coingecko.com/en/coins/digitalnote
748,stormx,https://coinmarketcap.com/currencies/stormx
749,ionchain,https://www.coingecko.com/en/coins/ionchain
750,ignis,https://coinmarketcap.com/currencies/ignis
751,distx,https://www.coingecko.com/en/coins/distx
752,cryptobucks,https://coinmarketcap.com/currencies/cryptobucks
753,sport-and-leisure,https://www.coingecko.com/en/coins/sport-and-leisure
754,content-value-network,https://coinmarketcap.com/currencies/content-value-network
755,tael,https://www.coingecko.com/en/coins/tael
756,perpetual-protocol,https://coinmarketcap.com/currencies/perpetual-protocol
757,bitcoin-rhodium,https://www.coingecko.com/en/coins/bitcoin-rhodium
758,bzx-protocol,https://coinmarketcap.com/currencies/bzx-protocol
759,genesis-vision,https://www.coingecko.com/en/coins/genesis-vision
760,kcash,https://coinmarketcap.com/currencies/kcash
761,bread,https://www.coingecko.com/en/coins/bread
762,airswap,https://coinmarketcap.com/currencies/airswap
763,unilayer,https://www.coingecko.com/en/coins/unilayer
764,quantstamp,https://coinmarketcap.com/currencies/quantstamp
765,linka,https://www.coingecko.com/en/coins/linka
766,truechain,https://coinmarketcap.com/currencies/truechain
767,roobee,https://www.coingecko.com/en/coins/roobee
768,invictus-hyperion-fund,https://coinmarketcap.com/currencies/invictus-hyperion-fund
769,universa,https://www.coingecko.com/en/coins/universa
770,sora,https://coinmarketcap.com/currencies/sora
771,alpha-finance,https://www.coingecko.com/en/coins/alpha-finance
772,12ships,https://coinmarketcap.com/currencies/12ships
773,lamden,https://www.coingecko.com/en/coins/lamden
774,bitcoinhd,https://coinmarketcap.com/currencies/bitcoinhd
775,eosdt,https://www.coingecko.com/en/coins/eosdt
776,gemini-dollar,https://coinmarketcap.com/currencies/gemini-dollar
777,insolar,https://www.coingecko.com/en/coins/insolar
778,prometeus,https://coinmarketcap.com/currencies/prometeus
779,telos,https://www.coingecko.com/en/coins/telos
780,dragonchain,https://coinmarketcap.com/currencies/dragonchain
781,everex,https://www.coingecko.com/en/coins/everex
782,molecular-future,https://coinmarketcap.com/currencies/molecular-future
783,howdoo,https://www.coingecko.com/en/coins/howdoo
784,unobtanium,https://coinmarketcap.com/currencies/unobtanium
785,peercoin,https://www.coingecko.com/en/coins/peercoin
786,celer-network,https://coinmarketcap.com/currencies/celer-network
787,sylo,https://www.coingecko.com/en/coins/sylo
788,apollo-currency,https://coinmarketcap.com/currencies/apollo-currency
789,moviebloc,https://www.coingecko.com/en/coins/moviebloc
790,standard-tokenization-protocol,https://coinmarketcap.com/currencies/standard-tokenization-protocol
791,electra,https://www.coingecko.com/en/coins/electra
792,sport-and-leisure,https://coinmarketcap.com/currencies/sport-and-leisure
793,troy,https://www.coingecko.com/en/coins/troy
794,grin,https://coinmarketcap.com/currencies/grin
795,propy,https://www.coingecko.com/en/coins/propy
796,celo-dollar,https://coinmarketcap.com/currencies/celo-dollar
797,revain,https://www.coingecko.com/en/coins/revain
798,bdcc-bitica-coin,https://coinmarketcap.com/currencies/bdcc-bitica-coin
799,coinhe-token,https://www.coingecko.com/en/coins/coinhe-token
800,hex,https://coinmarketcap.com/currencies/hex
801,holo,https://www.coingecko.com/en/coins/holo
802,eterbase-utility-token,https://coinmarketcap.com/currencies/eterbase-utility-token
803,golem,https://www.coingecko.com/en/coins/golem
804,counos-x,https://coinmarketcap.com/currencies/counos-x
805,iost,https://www.coingecko.com/en/coins/iost
806,ize,https://coinmarketcap.com/currencies/ize
807,vitae,https://www.coingecko.com/en/coins/vitae
808,ino-coin,https://coinmarketcap.com/currencies/ino-coin
809,ravencoin,https://www.coingecko.com/en/coins/ravencoin
810,insight-chain,https://coinmarketcap.com/currencies/insight-chain
811,nervos-network,https://www.coingecko.com/en/coins/nervos-network
812,bitcoinpos,https://coinmarketcap.com/currencies/bitcoinpos
813,nexo,https://www.coingecko.com/en/coins/nexo
814,homeros,https://coinmarketcap.com/currencies/homeros
815,nest-protocol,https://www.coingecko.com/en/coins/nest-protocol
816,renbtc,https://coinmarketcap.com/currencies/renbtc
817,terra-krw,https://www.coingecko.com/en/coins/terra-krw
818,zelwin,https://coinmarketcap.com/currencies/zelwin
819,solana,https://www.coingecko.com/en/coins/solana
820,creditcoin,https://coinmarketcap.com/currencies/creditcoin
821,swipe,https://www.coingecko.com/en/coins/swipe
822,cipher-core-token,https://coinmarketcap.com/currencies/cipher-core-token
823,yusd,https://www.coingecko.com/en/coins/yusd
824,tnc-coin,https://coinmarketcap.com/currencies/tnc-coin
825,verge,https://www.coingecko.com/en/coins/verge
826,basid-coin,https://coinmarketcap.com/currencies/basid-coin
827,uquid-coin,https://www.coingecko.com/en/coins/uquid-coin
828,thorecoin,https://coinmarketcap.com/currencies/thorecoin
829,sushi,https://www.coingecko.com/en/coins/sushi
830,poseidon-network,https://coinmarketcap.com/currencies/poseidon-network
831,augur,https://www.coingecko.com/en/coins/augur
832,stpay,https://coinmarketcap.com/currencies/stpay
833,kucoin-shares,https://www.coingecko.com/en/coins/kucoin-shares
834,largo-coin,https://coinmarketcap.com/currencies/largo-coin
835,aave-old,https://www.coingecko.com/en/coins/aave-old
836,botxcoin,https://coinmarketcap.com/currencies/botxcoin
837,pax-gold,https://www.coingecko.com/en/coins/pax-gold
838,metacoin,https://coinmarketcap.com/currencies/metacoin
839,huobi-btc,https://www.coingecko.com/en/coins/huobi-btc
840,idea-chain-coin,https://coinmarketcap.com/currencies/idea-chain-coin
841,divi,https://www.coingecko.com/en/coins/divi
842,doctors-coin,https://coinmarketcap.com/currencies/doctors-coin
843,rif-token,https://www.coingecko.com/en/coins/rif-token
844,sologenic,https://coinmarketcap.com/currencies/sologenic
845,dfi-money,https://www.coingecko.com/en/coins/dfi-money
846,strong,https://coinmarketcap.com/currencies/strong
847,velas,https://www.coingecko.com/en/coins/velas
848,cryptonex,https://coinmarketcap.com/currencies/cryptonex
849,aave-tusd,https://www.coingecko.com/en/coins/aave-tusd
850,mindol,https://coinmarketcap.com/currencies/mindol
851,susd,https://www.coingecko.com/en/coins/susd
852,wbnb,https://coinmarketcap.com/currencies/wbnb
853,iexec-rlc,https://www.coingecko.com/en/coins/iexec-rlc
854,xinfin-network,https://coinmarketcap.com/currencies/xinfin-network
855,matic-network,https://www.coingecko.com/en/coins/matic-network
856,counos-coin,https://coinmarketcap.com/currencies/counos-coin
857,komodo,https://www.coingecko.com/en/coins/komodo
858,vestchain,https://coinmarketcap.com/currencies/vestchain
859,titanswap,https://www.coingecko.com/en/coins/titanswap
860,beldex,https://coinmarketcap.com/currencies/beldex
861,apm-coin,https://www.coingecko.com/en/coins/apm-coin
862,nest-protocol,https://coinmarketcap.com/currencies/nest-protocol
863,energi,https://www.coingecko.com/en/coins/energi
864,terra-krw,https://coinmarketcap.com/currencies/terra-krw
865,bancor-network,https://www.coingecko.com/en/coins/bancor-network
866,vitae,https://coinmarketcap.com/currencies/vitae
867,steem,https://www.coingecko.com/en/coins/steem
868,defichain,https://coinmarketcap.com/currencies/defichain
869,horizen,https://www.coingecko.com/en/coins/horizen
870,helper-search-token,https://coinmarketcap.com/currencies/helper-search-token
871,serum,https://www.coingecko.com/en/coins/serum
872,newyork-exchange,https://coinmarketcap.com/currencies/newyork-exchange
873,curve-dao-token,https://www.coingecko.com/en/coins/curve-dao-token
874,whitecoin,https://coinmarketcap.com/currencies/whitecoin
875,unibright,https://www.coingecko.com/en/coins/unibright
876,mixin,https://coinmarketcap.com/currencies/mixin
877,constellation,https://www.coingecko.com/en/coins/constellation
878,qcash,https://coinmarketcap.com/currencies/qcash
879,chiliz,https://www.coingecko.com/en/coins/chiliz
880,baer-chain,https://coinmarketcap.com/currencies/baer-chain
881,rocket-pool,https://www.coingecko.com/en/coins/rocket-pool
882,attila,https://coinmarketcap.com/currencies/attila
883,fantom,https://www.coingecko.com/en/coins/fantom
884,centrality,https://coinmarketcap.com/currencies/centrality
885,ankr-network,https://www.coingecko.com/en/coins/ankr-network
886,mobilian-coin,https://coinmarketcap.com/currencies/mobilian-coin
887,wax,https://www.coingecko.com/en/coins/wax
888,darma-cash,https://coinmarketcap.com/currencies/darma-cash
889,math,https://www.coingecko.com/en/coins/math
890,huobi-btc,https://coinmarketcap.com/currencies/huobi-btc
891,ardor,https://www.coingecko.com/en/coins/ardor
892,bitbook-gambling,https://coinmarketcap.com/currencies/bitbook-gambling
893,compound-0x,https://www.coingecko.com/en/coins/compound-0x
894,yusra,https://coinmarketcap.com/currencies/yusra
895,storj,https://www.coingecko.com/en/coins/storj
896,mimblewimblecoin,https://coinmarketcap.com/currencies/mimblewimblecoin
897,kava,https://www.coingecko.com/en/coins/kava
898,joule,https://coinmarketcap.com/currencies/joule
899,wrapped-nxm,https://www.coingecko.com/en/coins/wrapped-nxm
900,math,https://coinmarketcap.com/currencies/math
901,maidsafecoin,https://www.coingecko.com/en/coins/maidsafecoin
902,bitball-treasure,https://coinmarketcap.com/currencies/bitball-treasure
903,gnosis,https://www.coingecko.com/en/coins/gnosis
904,axel,https://coinmarketcap.com/currencies/axel
905,bitshares,https://www.coingecko.com/en/coins/bitshares
906,tap,https://coinmarketcap.com/currencies/tap
907,helium,https://www.coingecko.com/en/coins/helium
908,everus,https://coinmarketcap.com/currencies/everus
909,hive,https://www.coingecko.com/en/coins/hive
910,neutrino-usd,https://coinmarketcap.com/currencies/neutrino-usd
911,swissborg,https://www.coingecko.com/en/coins/swissborg
912,metaverse-dualchain-network-architecture,https://coinmarketcap.com/currencies/metaverse-dualchain-network-architecture
913,hypercash,https://www.coingecko.com/en/coins/hypercash
914,advanced-internet-blocks,https://coinmarketcap.com/currencies/advanced-internet-blocks
915,irisnet,https://www.coingecko.com/en/coins/irisnet
916,playfuel,https://coinmarketcap.com/currencies/playfuel
917,tomochain,https://www.coingecko.com/en/coins/tomochain
918,cvault-finance,https://coinmarketcap.com/currencies/cvault-finance
919,electroneum,https://www.coingecko.com/en/coins/electroneum
920,s4fe,https://coinmarketcap.com/currencies/s4fe
921,ark,https://www.coingecko.com/en/coins/ark
922,breezecoin,https://coinmarketcap.com/currencies/breezecoin
923,stratis,https://www.coingecko.com/en/coins/stratis
924,livepeer,https://coinmarketcap.com/currencies/livepeer
925,utrust,https://www.coingecko.com/en/coins/utrust
926,keep-network,https://coinmarketcap.com/currencies/keep-network
927,compound-uniswap,https://www.coingecko.com/en/coins/compound-uniswap
928,rocket-pool,https://coinmarketcap.com/currencies/rocket-pool
929,sharetoken,https://www.coingecko.com/en/coins/sharetoken
930,xenioscoin,https://coinmarketcap.com/currencies/xenioscoin
931,hxro,https://www.coingecko.com/en/coins/hxro
932,bankera,https://coinmarketcap.com/currencies/bankera
933,elf,https://www.coingecko.com/en/coins/elf
934,tratin,https://coinmarketcap.com/currencies/tratin
935,zcoin,https://www.coingecko.com/en/coins/zcoin
936,btu-protocol,https://coinmarketcap.com/currencies/btu-protocol
937,cvault-finance,https://www.coingecko.com/en/coins/cvault-finance
938,greenpower,https://coinmarketcap.com/currencies/greenpower
939,enigma,https://www.coingecko.com/en/coins/enigma
940,1irstcoin,https://coinmarketcap.com/currencies/1irstcoin
941,zb-token,https://www.coingecko.com/en/coins/zb-token
942,titanswap,https://coinmarketcap.com/currencies/titanswap
943,mstable-usd,https://www.coingecko.com/en/coins/mstable-usd
944,idex,https://coinmarketcap.com/currencies/idex
945,mco,https://www.coingecko.com/en/coins/mco
946,nervenetwork,https://coinmarketcap.com/currencies/nervenetwork
947,tellor,https://www.coingecko.com/en/coins/tellor
948,ultiledger,https://coinmarketcap.com/currencies/ultiledger
949,eight-hours,https://www.coingecko.com/en/coins/eight-hours
950,uni-coin,https://coinmarketcap.com/currencies/uni-coin
951,iotex,https://www.coingecko.com/en/coins/iotex
952,helleniccoin,https://coinmarketcap.com/currencies/helleniccoin
953,livepeer,https://www.coingecko.com/en/coins/livepeer
954,certik,https://coinmarketcap.com/currencies/certik
955,aeternity,https://www.coingecko.com/en/coins/aeternity
956,flamingo,https://coinmarketcap.com/currencies/flamingo
957,ultra,https://www.coingecko.com/en/coins/ultra
958,usdk,https://coinmarketcap.com/currencies/usdk
959,just,https://www.coingecko.com/en/coins/just
960,redd,https://coinmarketcap.com/currencies/redd
961,stasis-eurs,https://www.coingecko.com/en/coins/stasis-eurs
962,c20,https://coinmarketcap.com/currencies/c20
963,mxc,https://www.coingecko.com/en/coins/mxc
964,kardiachain,https://coinmarketcap.com/currencies/kardiachain
965,compound-usdt,https://www.coingecko.com/en/coins/compound-usdt
966,bytecoin-bcn,https://coinmarketcap.com/currencies/bytecoin-bcn
967,singularitynet,https://www.coingecko.com/en/coins/singularitynet
968,fabrk,https://coinmarketcap.com/currencies/fabrk
969,pundi-x,https://www.coingecko.com/en/coins/pundi-x
970,bitmax-token,https://coinmarketcap.com/currencies/bitmax-token
971,kleros,https://www.coingecko.com/en/coins/kleros
972,nectar,https://coinmarketcap.com/currencies/nectar
973,power-ledger,https://www.coingecko.com/en/coins/power-ledger
974,dynamic-trading-rights,https://coinmarketcap.com/currencies/dynamic-trading-rights
975,edgeware,https://www.coingecko.com/en/coins/edgeware
976,cryptoindex-com-100,https://coinmarketcap.com/currencies/cryptoindex-com-100
977,waykichain,https://www.coingecko.com/en/coins/waykichain
978,extstock-token,https://coinmarketcap.com/currencies/extstock-token
979,voyager-token,https://www.coingecko.com/en/coins/voyager-token
980,conun,https://coinmarketcap.com/currencies/conun
981,v-systems,https://www.coingecko.com/en/coins/v-systems
982,wom-protocol,https://coinmarketcap.com/currencies/wom-protocol
983,chimpion,https://www.coingecko.com/en/coins/chimpion
984,troy,https://coinmarketcap.com/currencies/troy
985,xdai-stake,https://www.coingecko.com/en/coins/xdai-stake
986,stem-cell-coin,https://coinmarketcap.com/currencies/stem-cell-coin
987,solve-care,https://www.coingecko.com/en/coins/solve-care
988,agavecoin,https://coinmarketcap.com/currencies/agavecoin
989,bitmax-token,https://www.coingecko.com/en/coins/bitmax-token
990,harvest-finance,https://coinmarketcap.com/currencies/harvest-finance
991,fetch-ai,https://www.coingecko.com/en/coins/fetch-ai
992,noia-network,https://coinmarketcap.com/currencies/noia-network
993,wanchain,https://www.coingecko.com/en/coins/wanchain
994,massnet,https://coinmarketcap.com/currencies/massnet
995,polymath-network,https://www.coingecko.com/en/coins/polymath-network
996,bhex-token,https://coinmarketcap.com/currencies/bhex-token
997,usdk,https://www.coingecko.com/en/coins/usdk
998,funfair,https://coinmarketcap.com/currencies/funfair
999,dia,https://www.coingecko.com/en/coins/dia
