,name,img_url
0,foam,https://assets.coingecko.com/coins/images/3345/small/K51lJQc.png?1547037959
1,monacoin,https://assets.coingecko.com/coins/images/99/small/monacoin.png?1547033772
2,loom-network,https://assets.coingecko.com/coins/images/3387/small/1_K76UVoLq-FOL7l-_Fag-Qw_2x.png?1547038040
3,unibright,https://assets.coingecko.com/coins/images/2707/small/UnibrightLogo_colorful_500x500_preview.png?1547036916
4,santiment-network-token,https://assets.coingecko.com/coins/images/797/small/santiment-network-token.png?1547034571
5,dash,https://assets.coingecko.com/coins/images/19/small/dash-logo.png?1548385930
6,cartesi,https://assets.coingecko.com/coins/images/11038/small/cartesi.png?1592288021
7,compound-ether,https://assets.coingecko.com/coins/images/10643/small/ceth2.JPG?1581389598
8,hegic,https://assets.coingecko.com/coins/images/12454/small/Hegic.png?1599938210
9,spankchain,https://assets.coingecko.com/coins/images/1226/small/spankchain.png?1548610811
10,iota,https://assets.coingecko.com/coins/images/692/small/IOTA_Logo_White.png?1604022040
11,hycon,https://assets.coingecko.com/coins/images/3289/small/hycon.png?1547744108
12,renbtc,https://assets.coingecko.com/coins/images/11370/small/renBTC.png?1589985711
13,mstable-usd,https://assets.coingecko.com/coins/images/11576/small/mStable_USD.png?1595591803
14,arpa-chain,https://assets.coingecko.com/coins/images/8506/small/9u0a23XY_400x400.jpg?1559027357
15,status,https://assets.coingecko.com/coins/images/779/small/status.png?1548610778
16,iot-chain,https://assets.coingecko.com/coins/images/1304/small/iot-chain-logo.png?1547035331
17,presearch,https://assets.coingecko.com/coins/images/1299/small/presearch.png?1548331942
18,etherisc,https://assets.coingecko.com/coins/images/4586/small/dip.png?1547039863
19,monero,https://assets.coingecko.com/coins/images/69/small/monero_logo.png?1547033729
20,nimiq,https://assets.coingecko.com/coins/images/5119/small/nimiq.png?1548329167
21,safe2,https://assets.coingecko.com/coins/images/12608/small/safe2.jpg?1601259102
22,storj,https://assets.coingecko.com/coins/images/949/small/storj.png?1547034811
23,iost,https://assets.coingecko.com/coins/images/2523/small/IOST.png?1557555183
24,terra-krw,https://assets.coingecko.com/coins/images/8984/small/KRT.png?1600423374
25,bittorrent,https://assets.coingecko.com/coins/images/7595/small/BTT_Token_Graphic.png?1555066995
26,barnbridge,https://assets.coingecko.com/coins/images/12811/small/barnbridge.jpg?1602728853
27,dune,https://assets.coingecko.com/coins/images/9794/small/duneNewLogo.png?1594889501
28,origintrail,https://assets.coingecko.com/coins/images/1877/small/CmQHnxA61p6z341O7tcR_4Q39lLi0UU-HvDyHqpXwvswFJCXe0VxNlbG92-gch4GfUWk0ApBlLQNzU32yIxYKpFiNKX4S4Jqw_PybemCQTrK1shl_E5Sgecdiq3F6NGWl0WIL3JpxvsyXmmvJhSvSqhDNjw1X2FivUHliINv_2vZWR4k4h7HSFmmZWFhwWZs5BJhexN7Fxjhw0c.jpg?1597185366
29,sand,https://assets.coingecko.com/coins/images/12129/small/sandbox_logo.jpg?1597397942
30,gochain,https://assets.coingecko.com/coins/images/3286/small/GoChain.png?1557381951
31,bitcoin,https://assets.coingecko.com/coins/images/1/small/bitcoin.png?1547033579
32,vidt-datalink,https://assets.coingecko.com/coins/images/6115/small/V-ID_blockchain_-logo.png?1547042127
33,bitcoin-cash,https://assets.coingecko.com/coins/images/780/small/bitcoin-cash-circle.png?1594689492
34,sushi,https://assets.coingecko.com/coins/images/12271/small/sushi.jpg?1598623048
35,crypto-com-coin,https://assets.coingecko.com/coins/images/7310/small/cypto.png?1547043960
36,effect-ai,https://assets.coingecko.com/coins/images/3012/small/efx.png?1547037299
37,avalanche,https://assets.coingecko.com/coins/images/12559/small/coin-round-red.png?1604021818
38,bzx-protocol,https://assets.coingecko.com/coins/images/11811/small/bzrx.png?1594563172
39,bitcoin-sv,https://assets.coingecko.com/coins/images/6799/small/BSV.png?1558947902
40,medibloc,https://assets.coingecko.com/coins/images/1374/small/medibloc_basic.png?1570607623
41,force-protocol,https://assets.coingecko.com/coins/images/8242/small/The-Force-Protocol.png?1556861913
42,bitcoin-diamond,https://assets.coingecko.com/coins/images/1254/small/bitcoin-diamond.png?1547035280
43,idex,https://assets.coingecko.com/coins/images/2565/small/49046004.png?1557813562
44,ignis,https://assets.coingecko.com/coins/images/1345/small/ignis.png?1547744318
45,kava,https://assets.coingecko.com/coins/images/9761/small/Kava-icon.png?1585636197
46,hypercash,https://assets.coingecko.com/coins/images/1085/small/hshare-hcash-logo.png?1547035052
47,suku,https://assets.coingecko.com/coins/images/11969/small/UmfW5S6f_400x400.jpg?1596602238
48,lto-network,https://assets.coingecko.com/coins/images/6068/small/LTO_Network.png?1567443682
49,eos,https://assets.coingecko.com/coins/images/738/small/eos-eos-logo.png?1547034481
50,celer-network,https://assets.coingecko.com/coins/images/4379/small/Celr.png?1554705437
51,nkn,https://assets.coingecko.com/coins/images/3375/small/nkn.png?1548329212
52,salt,https://assets.coingecko.com/coins/images/962/small/salt.png?1548608746
53,defipulse-index,https://assets.coingecko.com/coins/images/12465/small/defi_pulse_index_set.png?1600051053
54,reserve-rights-token,https://assets.coingecko.com/coins/images/8365/small/Reserve_Rights.png?1557737411
55,seth,https://assets.coingecko.com/coins/images/8843/small/sETH.png?1562212338
56,crdt,https://assets.coingecko.com/coins/images/11859/small/image_%281%29.png?1600937373
57,energy-web-token,https://assets.coingecko.com/coins/images/10886/small/R9gQTJV__400x400.png?1585604557
58,bytecoin,https://assets.coingecko.com/coins/images/92/small/bytecoin-logo.png?1547033763
59,troy,https://assets.coingecko.com/coins/images/10057/small/troy-logo.png?1576124122
60,divi,https://assets.coingecko.com/coins/images/1273/small/red_logomark.png?1590383789
61,cnns,https://assets.coingecko.com/coins/images/8362/small/cnns.png?1557992686
62,zcoin,https://assets.coingecko.com/coins/images/479/small/ci_icon_monochrome_green_small.png?1547034188
63,swissborg,https://assets.coingecko.com/coins/images/2117/small/YJUrRy7r_400x400.png?1589794215
64,edgeware,https://assets.coingecko.com/coins/images/8452/small/wToGr5AT_400x400.png?1568605193
65,huobi-token,https://assets.coingecko.com/coins/images/2822/small/huobi-token-logo.png?1547036992
66,bread,https://assets.coingecko.com/coins/images/1440/small/bread.png?1547563238
67,0x,https://assets.coingecko.com/coins/images/863/small/0x.png?1547034672
68,uquid-coin,https://assets.coingecko.com/coins/images/1341/small/uquid-coin.png?1548759712
69,steem-dollars,https://assets.coingecko.com/coins/images/652/small/steem_dollars.png?1547034385
70,zb-token,https://assets.coingecko.com/coins/images/4773/small/zb-token-logo.png?1547040106
71,bancor-network,https://assets.coingecko.com/coins/images/736/small/bancor.png?1547034477
72,bounce-token,https://assets.coingecko.com/coins/images/11984/small/photo_2020-10-19_09.17.57.jpeg?1603070366
73,vitae,https://assets.coingecko.com/coins/images/5504/small/Vitae_Gold.png?1573787101
74,wings,https://assets.coingecko.com/coins/images/648/small/wings.png?1548760631
75,gatetoken,https://assets.coingecko.com/coins/images/8183/small/gt.png?1556085624
76,injective-protocol,https://assets.coingecko.com/coins/images/12882/small/injective_logo.jpg?1603255762
77,alpha-finance,https://assets.coingecko.com/coins/images/12738/small/ec7316b1-8bd9-4a76-8a1e-2d5c0b287d2f.jpg?1602306985
78,nano,https://assets.coingecko.com/coins/images/756/small/nano-coin-logo.png?1547034501
79,everex,https://assets.coingecko.com/coins/images/997/small/everex.png?1548125695
80,proximax,https://assets.coingecko.com/coins/images/3735/small/proximax.png?1548332126
81,dify-finance,https://assets.coingecko.com/coins/images/12628/small/zNTAjrF.png?1601294851
82,wagerr,https://assets.coingecko.com/coins/images/759/small/wagerr.png?1548760318
83,monolith,https://assets.coingecko.com/coins/images/675/small/Monolith.png?1566296607
84,ravencoin,https://assets.coingecko.com/coins/images/3412/small/ravencoin.png?1548386057
85,waykichain,https://assets.coingecko.com/coins/images/2439/small/ff4700019d0c24af713d.png?1587545823
86,gnosis,https://assets.coingecko.com/coins/images/662/small/gnosis-logo.png?1547034401
87,band-protocol,https://assets.coingecko.com/coins/images/9545/small/band-protocol.png?1568730326
88,whale,https://assets.coingecko.com/coins/images/11797/small/WHALE.png?1595004706
89,nebulas,https://assets.coingecko.com/coins/images/2431/small/193394331.png?1597976208
90,xrp,https://assets.coingecko.com/coins/images/44/small/xrp.png?1564480400
91,pumapay,https://assets.coingecko.com/coins/images/2307/small/pumapay.png?1548607436
92,ultiledger,https://assets.coingecko.com/coins/images/6747/small/Ultiledger.jpeg?1547042996
93,wink,https://assets.coingecko.com/coins/images/9129/small/WinK.png?1564624891
94,bitmax-token,https://assets.coingecko.com/coins/images/5003/small/BTMX.jpg?1547040429
95,constellation,https://assets.coingecko.com/coins/images/4645/small/Constellation_labs.jpg?1547039911
96,aragon,https://assets.coingecko.com/coins/images/681/small/JelZ58cv_400x400.png?1601449653
97,btse-token,https://assets.coingecko.com/coins/images/10807/small/BTSE_logo_Square.jpeg?1583965964
98,coinmetro,https://assets.coingecko.com/coins/images/3125/small/xcm.png?1547037518
99,theta-network,https://assets.coingecko.com/coins/images/2538/small/theta-token-logo.png?1548387191
100,btu-protocol,https://assets.coingecko.com/coins/images/3697/small/btuprotocol.jpeg?1549597021
101,verus-coin,https://assets.coingecko.com/coins/images/6769/small/Screenshot_33.png?1581942253
102,bella-protocol,https://assets.coingecko.com/coins/images/12478/small/Bella.png?1602230054
103,iqeon,https://assets.coingecko.com/coins/images/1736/small/IQN_logo_64x64.png?1547036010
104,ren,https://assets.coingecko.com/coins/images/3139/small/REN.png?1589985807
105,metal,https://assets.coingecko.com/coins/images/763/small/Metal.png?1592195010
106,hedera-hashgraph,https://assets.coingecko.com/coins/images/3688/small/mqTDGK7Q.png?1566256777
107,harmony,https://assets.coingecko.com/coins/images/4344/small/Y88JAze.png?1565065793
108,top-network,https://assets.coingecko.com/coins/images/7058/small/topnetwork-logo.png?1547043514
109,quarkchain,https://assets.coingecko.com/coins/images/3849/small/quarkchain.png?1548387524
110,distx,https://assets.coingecko.com/coins/images/12291/small/DISTX-icon.png?1598885812
111,algorand,https://assets.coingecko.com/coins/images/4380/small/download.png?1547039725
112,linka,https://assets.coingecko.com/coins/images/9487/small/C2RRuVH6eVbXIDbew-0VJoGpPb_bMPjRjM9qlYud7tqtGgb1GskioTkIntKuugvXnX-Y3O54L-4zWeWWm_Fffo1kJiqJG5vE4Iu1FSvZ-N750y_tlB7yAGeYztAD-MDrwEPaF3Y9j6E94mPVyKuidqbxf9vBeR5r4GAya3friWZjMzpnJ_q9v0jiIBxEC5YAy1C0Zx6yqVoHJjiTW.jpg?1568013160
113,enigma,https://assets.coingecko.com/coins/images/1007/small/enigma-logo.png?1547034914
114,ampleforth,https://assets.coingecko.com/coins/images/4708/small/Ampleforth.png?1561684250
115,waltonchain,https://assets.coingecko.com/coins/images/1093/small/waltonchain.png?1548760303
116,pnetwork,https://assets.coingecko.com/coins/images/11659/small/pNetwork.png?1592411134
117,vertcoin,https://assets.coingecko.com/coins/images/18/small/vertcoin-logo-2018.png?1547033643
118,instar,https://assets.coingecko.com/coins/images/3504/small/2558.png?1547038269
119,trustswap,https://assets.coingecko.com/coins/images/11795/small/Trustswap.png?1594311216
120,beam,https://assets.coingecko.com/coins/images/7339/small/BEAM.png?1558013729
121,nash-exchange,https://assets.coingecko.com/coins/images/3246/small/Nash-token_icon.png?1550821163
122,eterbase,https://assets.coingecko.com/coins/images/5059/small/image.png?1597301514
123,xplosive-ethereum,https://assets.coingecko.com/coins/images/12501/small/xeth.jpg?1600297024
124,streamr-datacoin,https://assets.coingecko.com/coins/images/1115/small/streamr.png?1547035101
125,bluzelle,https://assets.coingecko.com/coins/images/2848/small/bluzelle.png?1547351698
126,sylo,https://assets.coingecko.com/coins/images/6430/small/SYLO.svg?1589527756
127,ardor,https://assets.coingecko.com/coins/images/525/small/Ardor.png?1557969103
128,nest-protocol,https://assets.coingecko.com/coins/images/11284/small/52954052.png?1589868539
129,akropolis,https://assets.coingecko.com/coins/images/3328/small/Akropolis.png?1547037929
130,ethereum,https://assets.coingecko.com/coins/images/279/small/ethereum.png?1595348880
131,aave-dai,https://assets.coingecko.com/coins/images/10843/small/aDAI.png?1584698791
132,elrond,https://assets.coingecko.com/coins/images/12335/small/Elrond.png?1599132180
133,wrapped-bitcoin,https://assets.coingecko.com/coins/images/7598/small/wrapped_bitcoin_wbtc.png?1548822744
134,kadena,https://assets.coingecko.com/coins/images/3693/small/djLWD6mR_400x400.jpg?1591080616
135,digixdao,https://assets.coingecko.com/coins/images/397/small/dgd.png?1547034124
136,wirex,https://assets.coingecko.com/coins/images/8835/small/Wirex.jpg?1561970529
137,blocknet,https://assets.coingecko.com/coins/images/236/small/blocknet.jpg?1548305886
138,bytom,https://assets.coingecko.com/coins/images/1087/small/bytom.png?1547564390
139,powerpool-concentrated-voting-power,https://assets.coingecko.com/coins/images/12266/small/Powerpool.jpg?1598621373
140,telos,https://assets.coingecko.com/coins/images/7588/small/telos-logo-circle_TM.png?1578360556
141,groestlcoin,https://assets.coingecko.com/coins/images/71/small/image001.png?1547033733
142,kyber-network,https://assets.coingecko.com/coins/images/947/small/kyber-logo.png?1547034806
143,cream,https://assets.coingecko.com/coins/images/11976/small/Cream.png?1596593418
144,wax,https://assets.coingecko.com/coins/images/1372/small/WAX_Coin_Tickers_P_512px.png?1602812260
145,dmarket,https://assets.coingecko.com/coins/images/1602/small/dmarket.png?1547223830
146,axel,https://assets.coingecko.com/coins/images/9765/small/axel-logo-250px.png?1596454284
147,bitcoin-rhodium,https://assets.coingecko.com/coins/images/7642/small/brh.png?1578973251
148,zenon,https://assets.coingecko.com/coins/images/8177/small/kC-sx49e_400x400.jpg?1555989643
149,civic,https://assets.coingecko.com/coins/images/788/small/civic.png?1547034556
150,obyte,https://assets.coingecko.com/coins/images/561/small/byteball.png?1547564361
151,lamden,https://assets.coingecko.com/coins/images/2155/small/Lamden_Logo_2020_-_White_w_Black_Borders.png?1597732013
152,fantom,https://assets.coingecko.com/coins/images/4001/small/Fantom.png?1558015016
153,locktrip,https://assets.coingecko.com/coins/images/1357/small/LOC_Transparent_New.png?1579491094
154,aeternity,https://assets.coingecko.com/coins/images/1091/small/aeternity.png?1547035060
155,digix-gold,https://assets.coingecko.com/coins/images/4171/small/DGX_Token.png?1547039436
156,hive,https://assets.coingecko.com/coins/images/10840/small/logo_transparent_4x.png?1584623184
157,yuan-chain-coin,https://assets.coingecko.com/coins/images/5328/small/G5gCEo-J_400x400.jpg?1547040897
158,aave-old,https://assets.coingecko.com/coins/images/1365/small/ethlend.png?1547394586
159,compound,https://assets.coingecko.com/coins/images/10775/small/COMP.png?1592625425
160,fio-protocol,https://assets.coingecko.com/coins/images/11821/small/fio200x200.png?1594681349
161,sharetoken,https://assets.coingecko.com/coins/images/3609/small/74586729_2443914875881351_2785018663453851648_n.png?1574898410
162,orbs,https://assets.coingecko.com/coins/images/4630/small/Orbs.jpg?1547039896
163,wazirx,https://assets.coingecko.com/coins/images/10547/small/WazirX.png?1580834330
164,apm-coin,https://assets.coingecko.com/coins/images/10069/small/PvDCvh5h_400x400.png?1575460334
165,newscrypto-coin,https://assets.coingecko.com/coins/images/9805/small/RJQHelKR_400x400.png?1572319767
166,howdoo,https://assets.coingecko.com/coins/images/3078/small/howdoo.png?1547744057
167,dego-finance,https://assets.coingecko.com/coins/images/12503/small/c185FKx.png?1600298167
168,neblio,https://assets.coingecko.com/coins/images/894/small/neblio-coin-logo.png?1547034718
169,contentos,https://assets.coingecko.com/coins/images/8379/small/4036.png?1561085375
170,redfox-labs,https://assets.coingecko.com/coins/images/12956/small/redfox_logo.png?1603809759
171,kulupu,https://assets.coingecko.com/coins/images/12082/small/K5_y_A19.jpg?1597028034
172,orion-protocol,https://assets.coingecko.com/coins/images/11841/small/orion_logo.png?1594943318
173,covesting,https://assets.coingecko.com/coins/images/1950/small/covesting.png?1547036237
174,rio-defi,https://assets.coingecko.com/coins/images/12623/small/RFUEL_SQR.png?1602481093
175,syndicate,https://assets.coingecko.com/coins/images/698/small/Syndicate_coin.jpg?1547034466
176,wrapped-nxm,https://assets.coingecko.com/coins/images/11890/small/wrapped-nexus-mutual.jpg?1595811559
177,noia-network,https://assets.coingecko.com/coins/images/3269/small/Noia.png?1564131171
178,tbtc,https://assets.coingecko.com/coins/images/11224/small/tBTC.png?1589620754
179,aurora,https://assets.coingecko.com/coins/images/4755/small/aurora-logo.png?1547040076
180,susd,https://assets.coingecko.com/coins/images/5013/small/sUSD.png?1562212426
181,qtum,https://assets.coingecko.com/coins/images/684/small/qtum.png?1547034438
182,odem,https://assets.coingecko.com/coins/images/3752/small/odem.png?1548329893
183,paxos-standard,https://assets.coingecko.com/coins/images/6013/small/paxos_standard.png?1548386291
184,darico-ecosystem-coin,https://assets.coingecko.com/coins/images/2047/small/darico.png?1547036339
185,chainlink,https://assets.coingecko.com/coins/images/877/small/chainlink-new-logo.png?1547034700
186,pchain,https://assets.coingecko.com/coins/images/3463/small/PCHAIN.png?1588250598
187,harvest-finance,https://assets.coingecko.com/coins/images/12304/small/Harvest.png?1599007988
188,ankr-network,https://assets.coingecko.com/coins/images/4324/small/ankr-coin-2.png?1563551350
189,decentraland,https://assets.coingecko.com/coins/images/878/small/decentraland-mana.png?1550108745
190,syscoin,https://assets.coingecko.com/coins/images/119/small/Syscoin.png?1560401261
191,nuco-cloud,https://assets.coingecko.com/coins/images/8932/small/necocloud.png?1600380803
192,lambda,https://assets.coingecko.com/coins/images/4703/small/Lambda-Logo.png?1547219112
193,dia,https://assets.coingecko.com/coins/images/11955/small/DIA-icon-colour_%281%29.png?1596423488
194,serum,https://assets.coingecko.com/coins/images/11970/small/serum-logo.png?1597121577
195,mxc,https://assets.coingecko.com/coins/images/4604/small/MXC-app-icon10242x.png?1597628240
196,dynamic,https://assets.coingecko.com/coins/images/697/small/b3EIxPB.png?1550811617
197,electra,https://assets.coingecko.com/coins/images/688/small/electra.PNG?1547034447
198,dragonchain,https://assets.coingecko.com/coins/images/1289/small/dragonchain.png?1547957761
199,elastos,https://assets.coingecko.com/coins/images/2780/small/Elastos.png?1597048112
200,litecoin,https://assets.coingecko.com/coins/images/2/small/litecoin.png?1547033580
201,crypterium,https://assets.coingecko.com/coins/images/1901/small/crypt.png?1547036205
202,swag-finance,https://assets.coingecko.com/coins/images/12805/small/photo_2020-10-14_23.17.02.jpeg?1602688642
203,ieth,https://assets.coingecko.com/coins/images/8846/small/iETH.png?1562212479
204,aave-link,https://assets.coingecko.com/coins/images/11729/small/aLINK.png?1593084323
205,phantasma,https://assets.coingecko.com/coins/images/4130/small/phantasma.png?1548331035
206,ontology,https://assets.coingecko.com/coins/images/3447/small/ONT.png?1583481820
207,yam,https://assets.coingecko.com/coins/images/12530/small/YAM-icon.png?1600495536
208,cosmos,https://assets.coingecko.com/coins/images/1481/small/cosmos_hub.png?1555657960
209,sbtc,https://assets.coingecko.com/coins/images/8838/small/sBTC.png?1562212301
210,universa,https://assets.coingecko.com/coins/images/2981/small/universa.png?1547037236
211,district0x,https://assets.coingecko.com/coins/images/849/small/district0x.png?1547223762
212,request-network,https://assets.coingecko.com/coins/images/1031/small/Request_icon.png?1550832088
213,mx-token,https://assets.coingecko.com/coins/images/8545/small/TII1YIdv_400x400.png?1559180170
214,quant,https://assets.coingecko.com/coins/images/3370/small/QNT.jpg?1547038004
215,helium,https://assets.coingecko.com/coins/images/4284/small/Helium.jpg?1587110037
216,dxdao,https://assets.coingecko.com/coins/images/11148/small/dxdao.png?1589054791
217,nervos-network,https://assets.coingecko.com/coins/images/9566/small/Nervos.png?1568877603
218,filecoin,https://assets.coingecko.com/coins/images/12817/small/filecoin.png?1602753933
219,buysell,https://assets.coingecko.com/coins/images/6425/small/BuySell.png?1576466178
220,genesis-vision,https://assets.coingecko.com/coins/images/1173/small/Genesis-vision.png?1558045005
221,tael,https://assets.coingecko.com/coins/images/1338/small/Tael.png?1547035364
222,dforce-token,https://assets.coingecko.com/coins/images/9709/small/xlGxxIjI_400x400.jpg?1571006794
223,siacoin,https://assets.coingecko.com/coins/images/289/small/siacoin.png?1548386465
224,golem,https://assets.coingecko.com/coins/images/542/small/golem_token.png?1548838076
225,peercoin,https://assets.coingecko.com/coins/images/4/small/peercoin-icon-green-transparent_6x.png?1547033591
226,crypto20,https://assets.coingecko.com/coins/images/2097/small/c20.png?1547036413
227,cherry,https://assets.coingecko.com/coins/images/12125/small/clubcherry-2-scaled-uai-516x516.jpg?1597463169
228,cocos-bcx,https://assets.coingecko.com/coins/images/4932/small/_QPpjoUi_400x400.jpg?1566430520
229,linkeye,https://assets.coingecko.com/coins/images/1814/small/linkeye.png?1547975964
230,ark,https://assets.coingecko.com/coins/images/613/small/ark.png?1547034308
231,bitcny,https://assets.coingecko.com/coins/images/673/small/bitcny.png?1547034421
232,secret,https://assets.coingecko.com/coins/images/11871/small/Secret.png?1595520186
233,selfkey,https://assets.coingecko.com/coins/images/2034/small/selfkey.png?1548608934
234,pancakeswap,https://assets.coingecko.com/coins/images/12632/small/IMG_0440.PNG?1602654093
235,waves,https://assets.coingecko.com/coins/images/425/small/waves.png?1548386117
236,yfvalue,https://assets.coingecko.com/coins/images/12198/small/value_logo_-_500x500.png?1601478093
237,math,https://assets.coingecko.com/coins/images/11335/small/2020-05-19-token-200.png?1589940590
238,alchemy-pay,https://assets.coingecko.com/coins/images/12390/small/ACH_%281%29.png?1599691266
239,true-usd,https://assets.coingecko.com/coins/images/3449/small/TUSD.png?1559172762
240,aave-snx,https://assets.coingecko.com/coins/images/11733/small/aSNX.png?1593085047
241,keep-network,https://assets.coingecko.com/coins/images/3373/small/IuNzUb5b_400x400.jpg?1589526336
242,telcoin,https://assets.coingecko.com/coins/images/1899/small/tel.png?1547036203
243,zano,https://assets.coingecko.com/coins/images/8370/small/xAFGD7BZ_400x400.jpg?1557804634
244,thundercore,https://assets.coingecko.com/coins/images/4375/small/Thundercore.png?1558566824
245,cardano,https://assets.coingecko.com/coins/images/975/small/cardano.png?1547034860
246,power-ledger,https://assets.coingecko.com/coins/images/1104/small/power-ledger.png?1547035082
247,empty-set-dollar,https://assets.coingecko.com/coins/images/12440/small/esd_logo_circle.png?1603676421
248,sero,https://assets.coingecko.com/coins/images/8245/small/43697637.png?1556982099
249,dfi-money,https://assets.coingecko.com/coins/images/11902/small/YFII-logo.78631676.png?1598677348
250,hyperion,https://assets.coingecko.com/coins/images/7171/small/Hyperion.png?1558069078
251,aleph-im,https://assets.coingecko.com/coins/images/11676/small/Aleph.png?1592649689
252,chainx,https://assets.coingecko.com/coins/images/9133/small/chainx.png?1572094352
253,achain,https://assets.coingecko.com/coins/images/1147/small/achain-logo.png?1547035157
254,singularitynet,https://assets.coingecko.com/coins/images/2138/small/singularitynet.png?1548609559
255,terra-luna,https://assets.coingecko.com/coins/images/8284/small/luna1557227471663.png?1567147072
256,vethor-token,https://assets.coingecko.com/coins/images/5230/small/vethor-token.png?1548760043
257,sora,https://assets.coingecko.com/coins/images/11093/small/sora_logo_cg_white.png?1588284194
258,pundi-x,https://assets.coingecko.com/coins/images/2170/small/pundi-x.png?1548386366
259,videocoin,https://assets.coingecko.com/coins/images/3376/small/Dark.png?1589435901
260,usd-coin,https://assets.coingecko.com/coins/images/6319/small/USD_Coin_icon.png?1547042389
261,audius,https://assets.coingecko.com/coins/images/12913/small/AudiusCoinLogo_2x.png?1603425727
262,grin,https://assets.coingecko.com/coins/images/7340/small/grin.png?1548641090
263,okb,https://assets.coingecko.com/coins/images/4463/small/okb_token.png?1548386209
264,energi,https://assets.coingecko.com/coins/images/5795/small/energi.png?1547393636
265,yf-link,https://assets.coingecko.com/coins/images/12081/small/YFLink.png?1596987945
266,quantstamp,https://assets.coingecko.com/coins/images/1219/small/quantstamp.png?1548607773
267,bosagora,https://assets.coingecko.com/coins/images/9202/small/boaLogo.png?1565231346
268,tomochain,https://assets.coingecko.com/coins/images/3416/small/Asset_59_2x.png?1582948925
269,parsiq,https://assets.coingecko.com/coins/images/11973/small/DsNgK0O.png?1596590280
270,libratoken,https://assets.coingecko.com/coins/images/3673/small/libra-credit.png?1547975828
271,polymath-network,https://assets.coingecko.com/coins/images/2784/small/polymath-network.png?1548331592
272,uniswap,https://assets.coingecko.com/coins/images/12504/small/uniswap-uni.png?1600306604
273,stasis-eurs,https://assets.coingecko.com/coins/images/5164/small/EURS_300x300.png?1550571779
274,utrust,https://assets.coingecko.com/coins/images/1824/small/300x300_logo.png?1570520533
275,venus,https://assets.coingecko.com/coins/images/12677/small/venus.jpg?1601595147
276,lition,https://assets.coingecko.com/coins/images/6580/small/Lition_ico.png?1547042787
277,zbg_token,https://assets.coingecko.com/coins/images/6566/small/ztcoin.jpg?1547042777
278,travala,https://assets.coingecko.com/coins/images/3014/small/Travala.png?1558020611
279,adex,https://assets.coingecko.com/coins/images/847/small/adex.png?1547034643
280,tenx,https://assets.coingecko.com/coins/images/775/small/TenX-Icon-CircleBlack.png?1553766360
281,chromia,https://assets.coingecko.com/coins/images/5000/small/Chromia.png?1559038018
282,wanchain,https://assets.coingecko.com/coins/images/3482/small/wanchain-logo.png?1547038221
283,maidsafecoin,https://assets.coingecko.com/coins/images/80/small/maidsafecoin.png?1547033750
284,compound-0x,https://assets.coingecko.com/coins/images/10644/small/czrx1.JPG?1581390510
285,wing-finance,https://assets.coingecko.com/coins/images/12477/small/krWIB7JW_400x400.jpg?1600226231
286,compound-basic-attention-token,https://assets.coingecko.com/coins/images/10645/small/cBAT1.JPG?1581390910
287,tron,https://assets.coingecko.com/coins/images/1094/small/tron-logo.png?1547035066
288,leo-token,https://assets.coingecko.com/coins/images/8418/small/leo-token.png?1558326215
289,aave-mkr,https://assets.coingecko.com/coins/images/11731/small/aMKR.png?1593084715
290,pac-global,https://assets.coingecko.com/coins/images/808/small/paccoin.png?1564568639
291,cybermiles,https://assets.coingecko.com/coins/images/1300/small/cybermiles.png?1547035327
292,verge,https://assets.coingecko.com/coins/images/203/small/verge-symbol-color_logo.png?1561543281
293,v-systems,https://assets.coingecko.com/coins/images/7492/small/VSYS_Coin_200.png?1559454560
294,pax-gold,https://assets.coingecko.com/coins/images/9519/small/paxg.PNG?1568542565
295,perpetual-protocol,https://assets.coingecko.com/coins/images/12381/small/perpetual_protocol_logo.jpg?1599469619
296,propy,https://assets.coingecko.com/coins/images/869/small/propy.png?1548332100
297,fetch-ai,https://assets.coingecko.com/coins/images/5681/small/Fetch.jpg?1572098136
298,kusama,https://assets.coingecko.com/coins/images/9568/small/m4zRhP5e_400x400.jpg?1576190080
299,ocean-protocol,https://assets.coingecko.com/coins/images/3687/small/ocean-protocol-logo.jpg?1547038686
300,elf,https://assets.coingecko.com/coins/images/1371/small/aelf-logo.png?1547035397
301,zcash,https://assets.coingecko.com/coins/images/486/small/circle-zcash-color.png?1547034197
302,ost,https://assets.coingecko.com/coins/images/1367/small/ost.jpg?1547035393
303,dusk-network,https://assets.coingecko.com/coins/images/5217/small/D_ticker_purple_on_circle_%282%29.png?1563781659
304,likecoin,https://assets.coingecko.com/coins/images/10212/small/likecoin.png?1576640519
305,dextools,https://assets.coingecko.com/coins/images/11603/small/DexTools.jpg?1592579024
306,based-money,https://assets.coingecko.com/coins/images/12115/small/Based.png?1597261198
307,tether,https://assets.coingecko.com/coins/images/325/small/Tether-logo.png?1598003707
308,swft-blockchain,https://assets.coingecko.com/coins/images/2346/small/QJB0PBHu_400x400.jpg?1565564254
309,switcheo,https://assets.coingecko.com/coins/images/3645/small/02_SwitcheoSymbol_BGSquared_onAlternate.png?1591951537
310,sirin-labs-token,https://assets.coingecko.com/coins/images/1872/small/sirin-labs-token.png?1548609584
311,qash,https://assets.coingecko.com/coins/images/1220/small/qash.jpeg?1547035247
312,smartcash,https://assets.coingecko.com/coins/images/832/small/Smartcash-logo.png?1547034626
313,gas,https://assets.coingecko.com/coins/images/858/small/GAS_512_512.png?1594358948
314,funfair,https://assets.coingecko.com/coins/images/761/small/funfair.png?1592404368
315,aave-eth,https://assets.coingecko.com/coins/images/11619/small/aETH_2x.png?1591976597
316,metaverse-etp,https://assets.coingecko.com/coins/images/1086/small/metaverse.jpg?1547035053
317,sentivate,https://assets.coingecko.com/coins/images/7383/small/2x9veCp.png?1598409975
318,compound-usd-coin,https://assets.coingecko.com/coins/images/9442/small/Compound_USDC.png?1567581577
319,data-exchange-token,https://assets.coingecko.com/coins/images/2920/small/dtx.png?1578973961
320,dogecoin,https://assets.coingecko.com/coins/images/5/small/dogecoin.png?1547792256
321,darwinia-network-native-token,https://assets.coingecko.com/coins/images/9443/small/iHFgzyCK_400x400.png?1567463393
322,time-new-bank,https://assets.coingecko.com/coins/images/1265/small/time-new-bank.png?1547035290
323,tezos,https://assets.coingecko.com/coins/images/976/small/Tezos-logo.png?1547034862
324,sai,https://assets.coingecko.com/coins/images/1442/small/dai.png?1547035520
325,platoncoin,https://assets.coingecko.com/coins/images/7178/small/Platon.png?1587395719
326,nectar-token,https://assets.coingecko.com/coins/images/3559/small/NecLogoLoad.png?1592795924
327,icon,https://assets.coingecko.com/coins/images/1060/small/icon-icx-logo.png?1547035003
328,numeraire,https://assets.coingecko.com/coins/images/752/small/numeraire.png?1592538976
329,insolar,https://assets.coingecko.com/coins/images/1857/small/Symbol_Color_64.png?1584590708
330,solve-care,https://assets.coingecko.com/coins/images/1768/small/Solve.Token_logo_200_200_wiyhout_BG.png?1575869846
331,yearn-finance,https://assets.coingecko.com/coins/images/11849/small/yfi-192x192.png?1598325330
332,safe-haven,https://assets.coingecko.com/coins/images/2584/small/safehaven-logo-color.png?1547036718
333,husd,https://assets.coingecko.com/coins/images/9567/small/HUSD.jpg?1568889385
334,revain,https://assets.coingecko.com/coins/images/1107/small/256x256.png?1587018647
335,kardiachain,https://assets.coingecko.com/coins/images/7942/small/KardiaChain.png?1591631223
336,cvault-finance,https://assets.coingecko.com/coins/images/12635/small/cvault.finance_logo.png?1601353499
337,blockstack,https://assets.coingecko.com/coins/images/2069/small/Stacks_Logo_CG.png?1603951094
338,ionchain,https://assets.coingecko.com/coins/images/6572/small/3PD7ycbU_400x400.jpg?1547042781
339,pickle-finance,https://assets.coingecko.com/coins/images/12435/small/pickle_finance_logo.jpg?1599817746
340,reddcoin,https://assets.coingecko.com/coins/images/40/small/redd_logo.png?1601866906
341,aion,https://assets.coingecko.com/coins/images/1023/small/Aion_Currency_Symbol_Transparent_PNG.png?1575876687
342,nuls,https://assets.coingecko.com/coins/images/1053/small/Nuls.png?1556868153
343,dmm-governance,https://assets.coingecko.com/coins/images/11677/small/dmm.png?1592674690
344,pluton,https://assets.coingecko.com/coins/images/1241/small/pluton.png?1548331624
345,vite,https://assets.coingecko.com/coins/images/4513/small/Vite.png?1558014583
346,apollo,https://assets.coingecko.com/coins/images/5226/small/apollo_token.jpg?1547040701
347,naga,https://assets.coingecko.com/coins/images/1439/small/naga.jpg?1547035515
348,lbry-credits,https://assets.coingecko.com/coins/images/463/small/lbry_credits.png?1547034173
349,stakenet,https://assets.coingecko.com/coins/images/3650/small/android-chrome-512x512.png?1577677358
350,metahash,https://assets.coingecko.com/coins/images/5114/small/mhc_1024.png?1554097036
351,usdk,https://assets.coingecko.com/coins/images/8824/small/usdk.png?1563418517
352,loopring,https://assets.coingecko.com/coins/images/913/small/LRC.png?1572852344
353,bitshares,https://assets.coingecko.com/coins/images/95/small/bitshares.png?1547273755
354,swipe,https://assets.coingecko.com/coins/images/9368/small/swipe.png?1566792311
355,irisnet,https://assets.coingecko.com/coins/images/5135/small/IRIS.png?1557999365
356,moviebloc,https://assets.coingecko.com/coins/images/8460/small/H5IOlyrzJPJn9v-DGVYMo9TRM7A-XmNFSyY57bLIhhoO0WVXskWYl7hvBvq6zl7S5Keip_jN9mQRyi4CccGi8vFpoARK1DFGiugOy_u6wqepC_StItYo-EWUEMyCJNYiQRCuNcsn04BAl1Pggp9Gwtbqle7_BZTkvxNVb8YTqgsHJAqCeCyF6O4uVEKUVPaWFZpvTx60TpEbIDhK2.jpg?1558690328
357,stratis,https://assets.coingecko.com/coins/images/531/small/stratis.png?1547034209
358,pirate-chain,https://assets.coingecko.com/coins/images/6905/small/Pirate_Chain.png?1560913844
359,dent,https://assets.coingecko.com/coins/images/1152/small/dent.png?1547035167
360,raiden-network,https://assets.coingecko.com/coins/images/1132/small/raiden-logo.jpg?1547035131
361,solana,https://assets.coingecko.com/coins/images/4128/small/RPU3hzmh_400x400.jpg?1586762168
362,cashbet-coin,https://assets.coingecko.com/coins/images/2477/small/cbc.png?1547036599
363,polkadot,https://assets.coingecko.com/coins/images/12171/small/aJGBjJFU_400x400.jpg?1597804776
364,uma,https://assets.coingecko.com/coins/images/10951/small/UMA.png?1586307916
365,huobi-btc,https://assets.coingecko.com/coins/images/12407/small/Unknown-5.png?1599624896
366,voyager-token,https://assets.coingecko.com/coins/images/794/small/Voyager-vgx.png?1575693595
367,steem,https://assets.coingecko.com/coins/images/398/small/steem.png?1547034126
368,eight-hours,https://assets.coingecko.com/coins/images/8786/small/8hours.png?1589970455
369,skycoin,https://assets.coingecko.com/coins/images/687/small/skycoin.png?1551071121
370,mco,https://assets.coingecko.com/coins/images/739/small/mco.png?1548387054
371,gemini-dollar,https://assets.coingecko.com/coins/images/5992/small/gemini-dollar-gusd.png?1536745278
372,electroneum,https://assets.coingecko.com/coins/images/1109/small/electroneum.png?1547224846
373,unilayer,https://assets.coingecko.com/coins/images/12164/small/Unilayer.jpg?1597779313
374,certik,https://assets.coingecko.com/coins/images/12944/small/CertiK_Foundation_icon_96_96_-_round.png?1603772980
375,statera,https://assets.coingecko.com/coins/images/11472/small/Statera.png?1590415353
376,ergo,https://assets.coingecko.com/coins/images/2484/small/Ergo.png?1574682618
377,nxt,https://assets.coingecko.com/coins/images/6/small/nxt.png?1547033614
378,nexus,https://assets.coingecko.com/coins/images/576/small/nexus-logo.png?1547034256
379,matic-network,https://assets.coingecko.com/coins/images/4713/small/Matic.png?1553498071
380,just,https://assets.coingecko.com/coins/images/11095/small/JUST.jpg?1588175394
381,factom,https://assets.coingecko.com/coins/images/310/small/factom.png?1592404286
382,kleros,https://assets.coingecko.com/coins/images/3833/small/kleros.png?1547975322
383,namecoin,https://assets.coingecko.com/coins/images/8/small/namecoin.png?1547033620
384,bibox-token,https://assets.coingecko.com/coins/images/1441/small/bibox-token.png?1547035519
385,bitkan,https://assets.coingecko.com/coins/images/4651/small/kan-token.png?1547039917
386,nexus-mutual,https://assets.coingecko.com/coins/images/11810/small/nexus-mutual.jpg?1594547726
387,zap,https://assets.coingecko.com/coins/images/2180/small/zap.png?1547036476
388,arcblock,https://assets.coingecko.com/coins/images/2341/small/arcblock.png?1547036543
389,mantra-dao,https://assets.coingecko.com/coins/images/12151/small/OM_3D_whtbg.png?1598332353
390,enjin-coin,https://assets.coingecko.com/coins/images/1102/small/enjin-coin-logo.png?1547035078
391,0chain,https://assets.coingecko.com/coins/images/4934/small/0_Black-svg.png?1600757954
392,content-value-network,https://assets.coingecko.com/coins/images/5158/small/cvn.jpg?1547394846
393,populous,https://assets.coingecko.com/coins/images/753/small/populous.png?1548331905
394,gifto,https://assets.coingecko.com/coins/images/1359/small/gifto.png?1547742697
395,decred,https://assets.coingecko.com/coins/images/329/small/decred.png?1547034093
396,thorchain,https://assets.coingecko.com/coins/images/6595/small/thorchain.png?1547042798
397,pivx,https://assets.coingecko.com/coins/images/548/small/pivx-logo.png?1547034228
398,lien,https://assets.coingecko.com/coins/images/12224/small/Lien.png?1598262819
399,unitrade,https://assets.coingecko.com/coins/images/11982/small/unitrade.PNG?1597009487
400,dos-network,https://assets.coingecko.com/coins/images/7991/small/DOS.png?1552900889
401,roobee,https://assets.coingecko.com/coins/images/8791/small/Group_11.png?1580344629
402,aave-tusd,https://assets.coingecko.com/coins/images/11724/small/aTUSD.png?1593082700
403,basic-attention-token,https://assets.coingecko.com/coins/images/677/small/basic-attention-token.png?1547034427
404,measurable-data-token,https://assets.coingecko.com/coins/images/2441/small/mdt_logo.png?1569813574
405,eosdt,https://assets.coingecko.com/coins/images/8542/small/eosdt.png?1559192283
406,holo,https://assets.coingecko.com/coins/images/3348/small/Holologo_Profile.png?1547037966
407,prometeus,https://assets.coingecko.com/coins/images/8825/small/G2LY-Dg_.png?1591698270
408,mainframe,https://assets.coingecko.com/coins/images/3293/small/mainframe.png?1547978270
409,einsteinium,https://assets.coingecko.com/coins/images/46/small/einsteinium.png?1547033689
410,cindicator,https://assets.coingecko.com/coins/images/1006/small/cindicator.png?1547034913
411,coti,https://assets.coingecko.com/coins/images/2962/small/Coti.png?1559653863
412,navcoin,https://assets.coingecko.com/coins/images/233/small/83Ih.png?1547033996
413,aave-usdt,https://assets.coingecko.com/coins/images/11725/small/aUSDT.png?1593082796
414,digitex-futures-exchange,https://assets.coingecko.com/coins/images/2188/small/digitex-futures-logo.png?1547036481
415,xdai-stake,https://assets.coingecko.com/coins/images/11061/small/xdai.png?1587714165
416,zilliqa,https://assets.coingecko.com/coins/images/2687/small/Zilliqa-logo.png?1547036894
417,dai,https://assets.coingecko.com/coins/images/9956/small/dai-multi-collateral-mcd.png?1574218774
418,curve-dao-token,https://assets.coingecko.com/coins/images/12124/small/Curve.png?1597369484
419,komodo,https://assets.coingecko.com/coins/images/611/small/KMD_Mark_Color.png?1563350261
420,sentinel-protocol,https://assets.coingecko.com/coins/images/3369/small/Sentinel_Protocol.jpg?1547700074
421,meta,https://assets.coingecko.com/coins/images/11846/small/mStable.png?1594950533
422,velas,https://assets.coingecko.com/coins/images/9651/small/violet_grey_logo_velas.png?1597309567
423,aave,https://assets.coingecko.com/coins/images/12645/small/AAVE.png?1601374110
424,compound-uniswap,https://assets.coingecko.com/coins/images/12696/small/compound-uni.png?1601789718
425,melon,https://assets.coingecko.com/coins/images/605/small/melon.png?1547034295
426,iotex,https://assets.coingecko.com/coins/images/3334/small/iotex-logo.png?1547037941
427,aave-wbtc,https://assets.coingecko.com/coins/images/11734/small/aWBTC.png?1593087741
428,ultra,https://assets.coingecko.com/coins/images/4480/small/Ultra.png?1563356418
429,metronome,https://assets.coingecko.com/coins/images/3249/small/metronome.png?1548084800
430,handshake,https://assets.coingecko.com/coins/images/10562/small/hns.png?1580866255
431,balancer,https://assets.coingecko.com/coins/images/11683/small/Balancer.png?1592792958
432,haven,https://assets.coingecko.com/coins/images/3647/small/transparent.png?1590725399
433,loki-network,https://assets.coingecko.com/coins/images/3462/small/d9r2wz4J_400x400.jpeg?1547038188
434,ethereum-classic,https://assets.coingecko.com/coins/images/453/small/ethereum-classic-logo.png?1547034169
435,lisk,https://assets.coingecko.com/coins/images/385/small/Lisk_Symbol_-_Blue.png?1573444104
436,rif-token,https://assets.coingecko.com/coins/images/7460/small/RIF.png?1558011767
437,first-blood,https://assets.coingecko.com/coins/images/522/small/bqJZ2qGQ_400x400.jpg?1569415098
438,tellor,https://assets.coingecko.com/coins/images/9644/small/Blk_icon_current.png?1584980686
439,oduwa-coin,https://assets.coingecko.com/coins/images/7203/small/ODUWA_COIN_OFFICIAL__LOGO_transparent_%281%29.png?1568008183
440,xmax,https://assets.coingecko.com/coins/images/4643/small/xmx.png?1574682262
441,ubiq,https://assets.coingecko.com/coins/images/181/small/ubiq.png?1547033919
442,moeda-loyalty-points,https://assets.coingecko.com/coins/images/895/small/moeda-loyalty-points.png?1547034720
443,tether-gold,https://assets.coingecko.com/coins/images/10481/small/tether-gold.png?1579946148
444,sport-and-leisure,https://assets.coingecko.com/coins/images/7762/small/745ba052-73b7-4735-a0bf-e75474def055.png?1550456328
445,binance-usd,https://assets.coingecko.com/coins/images/9576/small/BUSD.png?1568947766
446,bip,https://assets.coingecko.com/coins/images/9982/small/Nvoj_6Mu_400x400.jpg?1587968303
447,phala-network,https://assets.coingecko.com/coins/images/12451/small/phala.png?1600061318
448,compound-dai,https://assets.coingecko.com/coins/images/9281/small/cDAI.png?1576467585
449,iexec-rlc,https://assets.coingecko.com/coins/images/646/small/iExec_RLC.png?1547034373
450,te-food,https://assets.coingecko.com/coins/images/2325/small/tec.png?1547036538
451,livepeer,https://assets.coingecko.com/coins/images/7137/small/livepeer.png?1547976208
452,synthetix-network-token,https://assets.coingecko.com/coins/images/3406/small/SNX.png?1598631139
453,vechain,https://assets.coingecko.com/coins/images/1167/small/VeChain-Logo-768x725.png?1547035194
454,lcx,https://assets.coingecko.com/coins/images/9985/small/zRPSu_0o_400x400.jpg?1574327008
455,compound-usdt,https://assets.coingecko.com/coins/images/11621/small/cUSDT.png?1592113270
456,chimpion,https://assets.coingecko.com/coins/images/7522/small/banana-token-logo.jpg?1548167777
457,aergo,https://assets.coingecko.com/coins/images/4490/small/Aergo.png?1558084282
458,beowulf,https://assets.coingecko.com/coins/images/12586/small/BWF.png?1600932145
459,digibyte,https://assets.coingecko.com/coins/images/63/small/digibyte.png?1547033717
460,nem,https://assets.coingecko.com/coins/images/242/small/NEM_Logo_256x256.png?1598687029
461,binance-coin,https://assets.coingecko.com/coins/images/825/small/binance-coin-logo.png?1547034615
462,hashgard,https://assets.coingecko.com/coins/images/4966/small/hashgard.png?1547743631
463,yusd,https://assets.coingecko.com/coins/images/12210/small/yUSD.png?1600166557
464,horizen,https://assets.coingecko.com/coins/images/691/small/horizen.png?1555052241
465,omg-network,https://assets.coingecko.com/coins/images/776/small/OMG_Network.jpg?1591167168
466,refereum,https://assets.coingecko.com/coins/images/2102/small/refereum.png?1548608001
467,chiliz,https://assets.coingecko.com/coins/images/8834/small/Chiliz.png?1561970540
468,digitalnote,https://assets.coingecko.com/coins/images/132/small/DN2020_circle_hires.png?1595305685
469,bit-z-token,https://assets.coingecko.com/coins/images/4774/small/bit-z-logo.png?1547274387
470,maker,https://assets.coingecko.com/coins/images/1364/small/Mark_Maker.png?1585191826
471,b2bx,https://assets.coingecko.com/coins/images/1211/small/b2bx.png?1547035239
472,ftx-token,https://assets.coingecko.com/coins/images/9026/small/ftt.png?1563776835
473,carry,https://assets.coingecko.com/coins/images/3994/small/Carry.png?1592402610
474,iocoin,https://assets.coingecko.com/coins/images/106/small/ioc-2019-logo-small.png?1556087204
475,augur,https://assets.coingecko.com/coins/images/309/small/REP.png?1596339859
476,fusion,https://assets.coingecko.com/coins/images/2515/small/fusion-token-logo.jpg?1547036623
477,aave-usdc,https://assets.coingecko.com/coins/images/11674/small/aUSDC.png?1592546449
478,celsius-network-token,https://assets.coingecko.com/coins/images/3263/small/New_CEL_Token_Logo.jpg?1600913901
479,hxro,https://assets.coingecko.com/coins/images/7805/small/hxro-squarelogo-1585089594129.png?1586221980
480,kucoin-shares,https://assets.coingecko.com/coins/images/1047/small/kcs.png?1547034982
481,gxchain,https://assets.coingecko.com/coins/images/1089/small/26296223.png?1571192241
482,wom-protocol,https://assets.coingecko.com/coins/images/4559/small/wom_logo_small.png?1572098941
483,bitcoin-gold,https://assets.coingecko.com/coins/images/1043/small/bitcoin-gold-logo.png?1547034978
484,coinhe-token,https://assets.coingecko.com/coins/images/9239/small/coinhe.png?1565769425
485,arweave,https://assets.coingecko.com/coins/images/4343/small/oRt6SiEN_400x400.jpg?1591059616
486,bitcoin-2,https://assets.coingecko.com/coins/images/5925/small/bitcoin2_logo256.png?1551682253
487,quantum-resistant-ledger,https://assets.coingecko.com/coins/images/700/small/QRL_logo.png?1547034470
488,ripio-credit-network,https://assets.coingecko.com/coins/images/1057/small/ripio-credit-network.png?1548608361
489,airswap,https://assets.coingecko.com/coins/images/1019/small/AST.png?1547034939
490,stp-network,https://assets.coingecko.com/coins/images/8713/small/STP.png?1560262664
491,rocket-pool,https://assets.coingecko.com/coins/images/2090/small/rocket.png?1563781948
492,origin-protocol,https://assets.coingecko.com/coins/images/3296/small/op.jpg?1547037878
493,titanswap,https://assets.coingecko.com/coins/images/12606/small/nqGlQzdz_400x400.png?1601019805
494,nexo,https://assets.coingecko.com/coins/images/3695/small/nexo.png?1548086057
495,stormx,https://assets.coingecko.com/coins/images/1369/small/StormX.png?1603113002
496,neo,https://assets.coingecko.com/coins/images/480/small/NEO_512_512.png?1594357361
497,stellar,https://assets.coingecko.com/coins/images/100/small/Stellar_symbol_black_RGB.png?1552356157
498,aavegotchi,https://assets.coingecko.com/coins/images/12467/small/ghst_200.png?1600750321
